DATE,RACE,CLASS,RACE NAME,DIST,SURF,STARTER NAME,PP,ODDS,FAVE,FIN,TRAINER,JOCKEY,TIME,PREV RACE,DAYS,SIRE,NOTES
7/11/19,5,MSW-NY-F,,5.5,Dirt,Big Q,5,14.00,FALSE,1,Gary Gullo,Joel Rosario,1:06.910,,,Big Brown,
7/11/19,5,MSW-NY-F,,5.5,Dirt,Impazible Donna,6,2.45,TRUE,2,Bruce Levine,Luis Saez,1:06.990,,,Mission Impazible,
7/11/19,5,MSW-NY-F,,5.5,Dirt,Funfetti,8,2.65,FALSE,3,Jeremiah Englehart,Jose Ortiz,1:07.434,,,Giant Surprise,
7/11/19,5,MSW-NY-F,,5.5,Dirt,Love Me Tomorrow,2,3.85,FALSE,4,Wesley Ward,Dylan Davis,1:07.514,BEL 5/30 4,42,Mineshaft,
7/11/19,5,MSW-NY-F,,5.5,Dirt,Keypit,7,29.50,FALSE,5,Thomas Albertrani,Jose Lezcano,1:09.409,,,Congrats,
7/11/19,5,MSW-NY-F,,5.5,Dirt,Ghostghostghost,3,3.85,FALSE,6,Steven Asmussen,"Ricardo Santana, Jr.",1:09.772,,,Archarcharch,
7/11/19,5,MSW-NY-F,,5.5,Dirt,Rewarded,9,22.20,FALSE,7,Michael Lauer,Manuel Franco,1:09.934,BEL 6/23 2,18,Central Banker,
7/11/19,5,MSW-NY-F,,5.5,Dirt,Time Shift,1,37.50,FALSE,8,Philip Serpe,Eric Cancel,1:10.700,,,Union Rags,
7/11/19,5,MSW-NY-F,,5.5,Dirt,Helen by Night,4,17.70,FALSE,9,Rudy Rodriguez,Javier Castellano,1:14.288,,,Rule by Night,
7/11/19,8,GRD-F,Schuylerville S.,6,Dirt,Comical,5,3.10,FALSE,1,Doug O'Neill,Javier Castellano,1:11.660,SA 5/26 4,46,Into Mischief,
7/11/19,8,GRD-F,Schuylerville S.,6,Dirt,Kiss the Girl,8,3.80,FALSE,2,Todd Pletcher,John Velazquez,1:11.699,BEL 6/12 3,29,Into Mischief,
7/11/19,8,GRD-F,Schuylerville S.,6,Dirt,Shippy,1,1.10,TRUE,3,Doug O'Neill,Jose Ortiz,1:11.778,LRL 6/14 1,27,Midshipman,
7/11/19,8,GRD-F,Schuylerville S.,6,Dirt,Buxom Beast,7,13.20,FALSE,4,Gary Contessa,Joel Rosario,1:12.926,,,The Big Beast,
7/11/19,8,GRD-F,Schuylerville S.,6,Dirt,Integral,2,17.40,FALSE,5,Todd Pletcher,Luis Saez,1:12.966,GP 5/25 3,47,Algorithms,
7/11/19,8,GRD-F,Schuylerville S.,6,Dirt,Lula's Roadrunner,4,28.25,FALSE,6,"Edward Coletti, Jr.",Mychel Sanchez,1:13.441,PRX 6/24 1,17,Uptowncharlybrown,
7/11/19,8,GRD-F,Schuylerville S.,6,Dirt,His Glory,3,16.20,FALSE,7,Thomas Amoss,Jose Lezcano,1:14.470,IND 6/11 2,30,Mineshaft,
7/11/19,8,GRD-F,Schuylerville S.,6,Dirt,Lady Fatima,6,18.90,FALSE,8,Mark Casse,Dylan Davis,1:15.103,BEL 5/23 1,49,Bodemeister,
7/12/19,5,MSW-F,,5.5,Dirt,Vast,6,12.90,FALSE,1,William Mott,Junior Alvarado,1:04.670,,,Lea,
7/12/19,5,MSW-F,,5.5,Dirt,Good Shabbos,2,2.15,FALSE,2,Jeremiah Englehart,Luis Saez,1:04.747,MTH 6/1 2,41,Munnings,
7/12/19,5,MSW-F,,5.5,Dirt,Pure Wow,7,8.90,FALSE,3,John Terranova II,Dylan Davis,1:04.747,,,The Factor,
7/12/19,5,MSW-F,,5.5,Dirt,Lotta Ott,4,1.30,TRUE,4,Steven Asmussen,"Ricardo Santana, Jr.",1:05.059,,,Tapiture,
7/12/19,5,MSW-F,,5.5,Dirt,Bird Tycoon,5,25.00,FALSE,5,Ian Wilkes,Julien Leparoux,1:05.488,,,Graydar,
7/12/19,5,MSW-F,,5.5,Dirt,Drop a Hint,3,29.00,FALSE,6,D. Lukas,Tyler Gaffalione,1:05.683,,,Into Mischief,
7/12/19,5,MSW-F,,5.5,Dirt,Apurate,1,5.20,FALSE,7,Todd Pletcher,John Velazquez,1:05.839,,,Summer Front,
7/12/19,5,MSW-F,,5.5,Dirt,Mylastfirstkiss,8,21.60,FALSE,8,Anthony Quartarolo,Kendrick Carmouche,1:05.995,CD 6/21 1,21,Flatter,
7/13/19,3,GRD,Sanford S.,6,Dirt,By Your Side,5,1.40,TRUE,1,Eddie Kenneally,"Irad Ortiz, Jr.",1:10.220,CD 6/14 1,29,Constitution,
7/13/19,3,GRD,Sanford S.,6,Dirt,Tomato Bill,4,4.60,FALSE,2,Christophe Clement,Kendrick Carmouche,1:10.685,DEL 5/22 1,52,More Than Ready,
7/13/19,3,GRD,Sanford S.,6,Dirt,Raging Whiskey,2,3.35,FALSE,3,Doug O'Neill,Javier Castellano,1:10.956,SA 6/2 2,41,Bourbon Courage,
7/13/19,3,GRD,Sanford S.,6,Dirt,Cucina,3,3.30,FALSE,4,Mark Casse,Tyler Gaffalione,1:10.995,BEL 6/21 2,22,Northern Afleet,
7/13/19,3,GRD,Sanford S.,6,Dirt,Memorable,1,6.00,FALSE,5,Steven Asmussen,John Velazquez,1:11.887,BEL 6/7 7,36,Uncle Mo,
7/13/19,4,MSW,,5.5,Dirt,Zyramid,6,1.45,TRUE,1,Steven Asmussen,Manuel Franco,1:03.780,CD 6/8 1,35,City Zip,
7/13/19,4,MSW,,5.5,Dirt,Kickin' Kirby,4,19.10,FALSE,2,Nicholas Zito,Tyler Gaffalione,1:04.202,,,Dialed In,
7/13/19,4,MSW,,5.5,Dirt,Peddlers Pride,8,9.70,FALSE,3,William Mott,Junior Alvarado,1:04.625,,,Liam's Map,
7/13/19,4,MSW,,5.5,Dirt,High Tide,1,2.15,FALSE,4,Todd Pletcher,John Velazquez,1:04.933,,,Malibu Moon,
7/13/19,4,MSW,,5.5,Dirt,Hometown Pride,2,30.00,FALSE,5,Ian Wilkes,Chris Landeros,1:05.009,,,To Honor and Serve,
7/13/19,4,MSW,,5.5,Dirt,Vaya Con Dios,5,11.30,FALSE,6,Eric Guillot,Dylan Davis,1:05.432,,,Majesticperfection,
7/13/19,4,MSW,,5.5,Dirt,Irked,3,7.20,FALSE,7,William Mott,Jose Lezcano,1:05.855,,,War Front,
7/13/19,4,MSW,,5.5,Dirt,Pharoah Cat,7,9.50,FALSE,8,D. Lukas,Rajiv Maragh,1:06.470,CD 6/23 2,20,American Pharoah,
7/13/19,6,MSW,,8.5,Turf,Field Pass,2,2.95,FALSE,1,Michael Maker,Luis Saez,1:45.740,CD 6/21 3,22,Lemon Drop Kid,
7/13/19,6,MSW,,8.5,Turf,Decorated Invader,1,5.30,FALSE,2,Christophe Clement,"Irad Ortiz, Jr.",1:45.863,,,Declaration of War,
7/13/19,6,MSW,,8.5,Turf,Mr Jaggers,7,2.35,TRUE,3,William Mott,Junior Alvarado,1:46.069,,,Twirling Candy,
7/13/19,6,MSW,,8.5,Turf,Our Country,4,12.10,FALSE,4,George Weaver,Manuel Franco,1:46.193,,,Constitution,
7/13/19,6,MSW,,8.5,Turf,Enforceable,3,6.50,FALSE,5,Mark Casse,Tyler Gaffalione,1:46.358,CD 5/31 5,43,Tapit,
7/13/19,6,MSW,,8.5,Turf,Cardiac Kid,9,17.80,FALSE,6,Kenneth McPeek,Jose Lezcano,1:46.605,,,American Pharoah,
7/13/19,6,MSW,,8.5,Turf,Kokokomo,6,10.40,FALSE,7,Todd Pletcher,Javier Castellano,1:46.647,BEL 6/21 7,22,Uncle Mo,
7/13/19,6,MSW,,8.5,Turf,Mr Everything,5,12.20,FALSE,8,Wesley Ward,John Velazquez,1:46.647,GP 6/23 12,20,Mr Speaker,
7/13/19,6,MSW,,8.5,Turf,Cloudbased,8,16.00,FALSE,9,Claude McGaughey III,Dylan Davis,1:48.172,BEL 6/21 7,22,Orb,
7/14/19,1,MSW-F,,8.5,Turf,Sweet Melania,7,1.60,TRUE,1,Todd Pletcher,Jose Ortiz,1:45.870,MTH 6/1 2,43,American Pharoah,
7/14/19,1,MSW-F,,8.5,Turf,Morning Gold,8,10.40,FALSE,2,Kenneth McPeek,Dylan Davis,1:46.076,,,Morning Line,
7/14/19,1,MSW-F,,8.5,Turf,Lucky Jingle,1,8.80,FALSE,3,H. Motion,Rajiv Maragh,1:46.860,,,Tonalist,
7/14/19,1,MSW-F,,8.5,Turf,Pearlescent,2,4.10,FALSE,4,William Mott,Junior Alvarado,1:47.067,,,The Factor,
7/14/19,1,MSW-F,,8.5,Turf,Days of Spring,3,6.40,FALSE,5,Todd Pletcher,Manuel Franco,1:47.232,BEL 5/23 1,52,Uncle Mo,
7/14/19,1,MSW-F,,8.5,Turf,Miss Marissa,5,4.60,FALSE,6,James Ryerson,Luis Saez,1:47.273,BEL 6/20 5,24,He's Had Enough,
7/14/19,1,MSW-F,,8.5,Turf,Foreign Exchange,4,28.75,FALSE,7,D. Lukas,Joel Rosario,1:47.438,,,Congrats,
7/14/19,1,MSW-F,,8.5,Turf,Sign of the Times,6,11.20,FALSE,8,Wesley Ward,"Irad Ortiz, Jr.",1:48.512,GP 6/22 8,22,Animal Kingdom,
7/14/19,4,MSW-NY,,5.5,Dirt,Bank On Shea,4,2.55,FALSE,1,Jason Servis,"Irad Ortiz, Jr.",1:04.020,,,Central Banker,
7/14/19,4,MSW-NY,,5.5,Dirt,Blame the Cake,2,14.90,FALSE,2,Ian Wilkes,Javier Castellano,1:04.135,,,Blame,
7/14/19,4,MSW-NY,,5.5,Dirt,Macho Boy,3,9.00,FALSE,3,Gary Contessa,Joel Rosario,1:04.907,,,Mucho Macho Man,
7/14/19,4,MSW-NY,,5.5,Dirt,South Africa,7,6.90,FALSE,4,Michelle Nevin,Jose Ortiz,1:05.138,,,Will Take Charge,
7/14/19,4,MSW-NY,,5.5,Dirt,Kobe,6,33.50,FALSE,5,Gary Contessa,Chris Landeros,1:05.370,,,Japan,
7/14/19,4,MSW-NY,,5.5,Dirt,Titan's Will,1,8.10,FALSE,6,Jeremiah Englehart,Luis Saez,1:06.681,,,Congrats,
7/14/19,4,MSW-NY,,5.5,Dirt,Our Destiny,5,7.80,FALSE,7,Joseph Parker,Joey Martinez,1:07.299,BEL 5/31 2,44,Freud,
7/14/19,4,MSW-NY,,5.5,Dirt,No Salt,8,1.65,TRUE,8,William Mott,Junior Alvarado,1:08.340,,,Tonalist,
7/17/19,2,STK-NY,Rick Violette S.,6,Dirt,Sky of Hook,4,9.30,FALSE,1,Rudy Rodriguez,Luis Saez,1:13.170,BEL 5/10 5,68,Tapiture,
7/17/19,2,STK-NY,Rick Violette S.,6,Dirt,Listentoyourheart,2,2.25,FALSE,2,Christophe Clement,Manuel Franco,1:13.178,BEL 6/23 6,24,Afleet Alex,
7/17/19,2,STK-NY,Rick Violette S.,6,Dirt,Theitalianamerican,1,2.85,FALSE,3,Gary Contessa,Joel Rosario,1:14.018,BEL 6/7 7,40,Girolamo,
7/17/19,2,STK-NY,Rick Violette S.,6,Dirt,Mission Wrapitup,3,1.35,TRUE,4,Bruce Brown,Dylan Davis,1:14.099,BEL 5/31 2,47,Mission Impazible,
7/17/19,2,STAKES,Rick Violette S.,6,Dirt,Torres Del Paine,5,7.90,FALSE,5,H. Motion,Weston Hamilton,1:15.312,LRL 6/28 6,19,Karakontie,
7/17/19,5,MSW-F,,5.5,Dirt,Just Fly,5,2.10,TRUE,1,Joe Sharp,Luis Saez,1:05.240,CD 6/20 4,27,Justin Phillip,
7/17/19,5,MSW-F,,5.5,Dirt,Ain't None Lucky,1,6.80,FALSE,2,Lacey Gaudet,Johan Rosado,1:05.986,LRL 6/14 1,33,Candy Ride (ARG),
7/17/19,5,MSW-F,,5.5,Dirt,Project Whiskey,4,8.40,FALSE,3,"Robert Reid, Jr.",Kendrick Carmouche,1:06.026,,,Tapizar,
7/17/19,5,MSW-F,,5.5,Dirt,Double Down Dare,3,4.10,FALSE,4,Steve Klesaris,Jose Lezcano,1:06.144,PRX 6/24 1,23,Cross Traffic,
7/17/19,5,MSW-F,,5.5,Dirt,Devils Rendezvous,6,8.70,FALSE,5,Gary Contessa,Joel Rosario,1:06.222,,,Daredevil,
7/17/19,5,MSW-F,,5.5,Dirt,Raggedy Annie,7,9.60,FALSE,6,D. Lukas,Tyler Gaffalione,1:06.301,,,Union Rags,
7/17/19,5,MSW-F,,5.5,Dirt,Myawaya,2,3.65,FALSE,7,Todd Pletcher,John Velazquez,1:06.458,,,Wicked Strong,
7/17/19,5,MSW-F,,5.5,Dirt,Gabi's Tuff,8,26.50,FALSE,8,Gary Contessa,Joey Martinez,1:12.041,,,Teuflesberg,
7/17/19,10,MSW-NY-F,,5.5,Dirt,Violent Point,6,1.10,TRUE,1,Mark Casse,John Velazquez,1:05.020,BEL 6/22 4,25,Violence,
7/17/19,10,MSW-NY-F,,5.5,Dirt,Single Verse,3,12.10,FALSE,2,Bruce Brown,Tyler Gaffalione,1:05.960,,,Mineshaft,
7/17/19,10,MSW-NY-F,,5.5,Dirt,Darken a Day,4,5.50,FALSE,3,Gary Contessa,Joel Rosario,1:06.861,,,Emcee,
7/17/19,10,MSW-NY-F,,5.5,Dirt,Light in the Sky,2,3.55,FALSE,4,Linda Rice,Jose Ortiz,1:06.979,,,Tale of the Cat,
7/17/19,10,MSW-NY-F,,5.5,Dirt,American Song,1,4.00,FALSE,5,Jeremiah Englehart,Junior Alvarado,1:07.175,BEL 6/12 3,35,Maclean's Music,
7/17/19,10,MSW-NY-F,,5.5,Dirt,Apollo's Abraxas,5,13.40,FALSE,6,Kim Laudati,Benjamin Hernandez,1:09.917,BEL 6/30 4,17,Big Brown,
7/18/19,2,MSW,,5.5,Dirt,January Won,3,3.90,FALSE,1,Kenneth McPeek,Jose Ortiz,1:04.350,,,New Year's Day,
7/18/19,2,MSW,,5.5,Dirt,Beyond Gone,1,6.20,FALSE,2,Kenneth McPeek,Julien Leparoux,1:04.505,,,Can the Man,
7/18/19,2,MSW,,5.5,Dirt,Dan the Man Can,2,4.90,FALSE,3,Edward Barker,Manuel Franco,1:04.931,,,Can the Man,
7/18/19,2,MSW,,5.5,Dirt,Justintimeforwine,5,1.60,TRUE,4,Gary Contessa,Joel Rosario,1:05.513,BEL 6/23 6,25,Justin Phillip,
7/18/19,2,MSW,,5.5,Dirt,Jamflowman,6,3.15,FALSE,5,John Terranova II,Dylan Davis,1:05.552,,,Awesome of Course,
7/18/19,2,MSW,,5.5,Dirt,Ninth of April,4,15.30,FALSE,6,Edmund Davis,"Ricardo Santana, Jr.",1:06.793,,,Shanghai Bobby,
7/18/19,3,STK-NY-F,Stillwater S.,6,Dirt,My Italian Rabbi,4,8.90,FALSE,1,Jeremiah Englehart,Luis Saez,1:10.310,BEL 5/30 4,49,Competitive Edge,
7/18/19,3,STK-NY-F,Stillwater S.,6,Dirt,Fierce Lady,2,0.35,TRUE,2,Dermot Magner,Javier Castellano,1:10.317,BEL 6/22 4,26,Competitive Edge,
7/18/19,3,STK-NY-F,Stillwater S.,6,Dirt,Jewel of Arabia,1,5.70,FALSE,3,Christophe Clement,Joel Rosario,1:10.543,,,Daredevil,
7/18/19,3,STK-NY-F,Stillwater S.,6,Dirt,Classy Sadie,3,12.90,FALSE,4,Gary Contessa,Eric Cancel,1:11.125,BEL 6/20 5,28,Emcee,
7/18/19,3,STK-NY-F,Stillwater S.,6,Dirt,Time Limit,5,6.10,FALSE,5,Michael Maker,Jose Ortiz,1:12.795,BEL 6/23 2,25,Bustin Stones,
7/18/19,5,MSW-NY,,5.5,Dirt,City Man,8,1.25,TRUE,1,Christophe Clement,Joel Rosario,1:04.660,,,Mucho Macho Man,
7/18/19,5,MSW-NY,,5.5,Dirt,Shandian,5,6.40,FALSE,2,Gary Contessa,Javier Castellano,1:05.127,BEL 6/21 2,27,Emcee,
7/18/19,5,MSW-NY,,5.5,Dirt,Turbo Drive,1,8.20,FALSE,3,Michael Maker,Jose Ortiz,1:05.322,BEL 6/21 2,27,Teuflesberg,
7/18/19,5,MSW-NY,,5.5,Dirt,Imperio D,6,53.00,FALSE,4,Rudy Rodriguez,Luis Reyes,1:05.400,,,Frost Giant,
7/18/19,5,MSW-NY,,5.5,Dirt,Fly Fly Away,9,8.10,FALSE,5,Christophe Clement,"Irad Ortiz, Jr.",1:05.556,,,First Samurai,
7/18/19,5,MSW-NY,,5.5,Dirt,Barleewon,4,6.10,FALSE,6,Michael Stidham,John Velazquez,1:05.906,,,Animal Kingdom,
7/18/19,5,MSW-NY,,5.5,Dirt,Diannesimpazible,2,12.30,FALSE,7,Rudy Rodriguez,Manuel Franco,1:06.023,,,Mission Impazible,
7/18/19,5,MSW-NY,,5.5,Dirt,Power Up Paynter,3,6.70,FALSE,8,Linda Rice,Jose Lezcano,1:06.062,,,Paynter,
7/18/19,5,MSW-NY,,5.5,Dirt,Tapizearance,7,23.60,FALSE,9,Gary Contessa,Chris Landeros,1:06.647,,,Tapizar,
7/19/19,5,MSW-F,,6,Dirt,Sweet Kisses,7,2.75,FALSE,1,Jeremiah Englehart,Jose Ortiz,1:09.780,BEL 6/12 3,37,Carpe Diem,
7/19/19,5,MSW-F,,6,Dirt,Finite,5,3.55,FALSE,2,Steven Asmussen,"Ricardo Santana, Jr.",1:10.126,,,Munnings,
7/19/19,5,MSW-F,,6,Dirt,Mrs. Danvers,6,2.60,TRUE,3,Claude McGaughey III,Joel Rosario,1:10.126,,,Tapit,
7/19/19,5,MSW-F,,6,Dirt,Kiawah Sunset,2,4.50,FALSE,4,Wesley Ward,"Irad Ortiz, Jr.",1:10.435,CD 6/20 4,29,Uncle Mo,
7/19/19,5,MSW-F,,6,Dirt,Inveterate,3,5.90,FALSE,5,Dermot Magner,Tyler Gaffalione,1:10.628,,,Palace Malice,
7/19/19,5,MSW-F,,6,Dirt,Cat's Pajamas,1,15.20,FALSE,6,William Mott,Junior Alvarado,1:11.206,,,Street Sense,
7/19/19,5,MSW-F,,6,Dirt,Larry's Baby,4,20.80,FALSE,7,D. Lukas,Luis Saez,1:13.711,,,Majesticperfection,
7/21/19,7,MSW-F,,5.5,Turf,Fly So Pretty,1,5.60,FALSE,1,Mark Casse,Javier Castellano,1:02.940,CD 6/20 4,31,Sky Mesa,
7/21/19,7,MSW-F,,5.5,Turf,Sequin,10,2.00,TRUE,2,Wesley Ward,Tyler Gaffalione,1:02.977,,,Bayern,
7/21/19,7,MSW-F,,5.5,Turf,Sharing,2,10.10,FALSE,3,H. Motion,Manuel Franco,1:02.977,,,Speightstown,
7/21/19,7,MSW-F,,5.5,Turf,Queen of Shades,8,6.40,FALSE,4,Jason Servis,"Irad Ortiz, Jr.",1:03.091,MTH 6/1 2,50,Midshipman,
7/21/19,7,MSW-F,,5.5,Turf,Giggle Factory,9,65.00,FALSE,5,Thomas Albertrani,Luis Reyes,1:03.584,,,The Factor,
7/21/19,7,MSW-F,,5.5,Turf,Mom's Pass,7,3.50,FALSE,6,Steven Asmussen,"Ricardo Santana, Jr.",1:03.622,CD 6/20 4,31,Point of Entry,
7/21/19,7,MSW-F,,5.5,Turf,Meritaten,5,4.50,FALSE,7,"Albert Stall, Jr.",Jose Ortiz,1:03.660,,,War Front,
7/21/19,7,MSW-F,,5.5,Turf,Ill Will,6,26.75,FALSE,8,Gary Contessa,Chris Landeros,1:03.736,,,Palace Malice,
7/21/19,7,MSW-F,,5.5,Turf,Miss My Macho,4,65.75,FALSE,9,Katherine Ritvo,Kendrick Carmouche,1:03.736,,,Mucho Macho Man,
7/21/19,7,MSW-F,,5.5,Turf,Crack of Dawn,3,49.50,FALSE,10,Philip Serpe,Junior Alvarado,1:03.812,,,Bernardini,
7/21/19,8,MSW,,6,Dirt,Basin,6,2.00,FALSE,1,Steven Asmussen,"Ricardo Santana, Jr.",1:09.770,CD 6/14 1,37,Liam's Map,
7/21/19,8,MSW,,6,Dirt,Three Technique,2,1.75,TRUE,2,Jeremiah Englehart,Jose Ortiz,1:09.962,BEL 6/14 5,37,Mr Speaker,
7/21/19,8,MSW,,6,Dirt,Lucky Curlin,10,11.70,FALSE,3,Mark Casse,Tyler Gaffalione,1:10.964,CD 6/14 1,37,Curlin,
7/21/19,8,MSW,,6,Dirt,Mr Thrifty,7,6.80,FALSE,4,"Robert Reid, Jr.",Kendrick Carmouche,1:11.542,PRX 6/25 5,26,Poseidon's Warrior,
7/21/19,8,MSW,,6,Dirt,Eagles Palace,4,23.20,FALSE,5,William Mott,Junior Alvarado,1:11.542,,,Palace Malice,
7/21/19,8,MSW,,6,Dirt,Yankee Empire,3,6.70,FALSE,6,John Kimmel,Chris Landeros,1:11.774,BEL 6/14 5,37,Cairo Prince,
7/21/19,8,MSW,,6,Dirt,American Butterfly,5,20.70,FALSE,7,D. Lukas,Joel Rosario,1:12.236,,,American Pharoah,
7/21/19,8,MSW,,6,Dirt,Excession,9,26.00,FALSE,8,Steven Asmussen,Manuel Franco,1:12.583,,,Union Rags,
7/21/19,8,MSW,,6,Dirt,Federale,1,51.50,FALSE,9,Philip Gleaves,Dylan Davis,1:12.853,BEL 6/7 7,44,Discreetly Mine,
7/21/19,8,MSW-F,,6,Dirt,He's Super Lucky,8,47.50,FALSE,10,Katherine Ritvo,Rajiv Maragh,1:15.050,,,Super Saver,
7/24/19,3,MSW-NY-F,,7,Dirt,Sky Kitten,5,7.80,FALSE,1,David Donk,Manuel Franco,1:26.970,,,Sky Mesa,
7/24/19,3,MSW-NY-F,,7,Dirt,Jen's Battle,1,2.55,FALSE,2,Gary Contessa,Joel Rosario,1:27.134,BEL 6/23 2,31,Declaration of War,
7/24/19,3,MSW-NY-F,,7,Dirt,Beyond Brown,8,2.40,TRUE,3,David Donk,John Velazquez,1:27.670,BEL 6/22 4,32,Big Brown,
7/24/19,3,MSW-NY-F,,7,Dirt,Adriatic Holiday,6,2.75,FALSE,4,Barclay Tagg,Junior Alvarado,1:27.875,,,Central Banker,
7/24/19,3,MSW-NY-F,,7,Dirt,Dustinthewind,7,39.00,FALSE,5,Edmund Davis,Heman Harkie,1:28.452,BEL 6/22 4,32,Mission Impazible,
7/24/19,3,MSW-NY-F,,7,Dirt,Lil Morning Star,2,39.00,FALSE,6,Kim Laudati,Joey Martinez,1:29.028,BEL 6/20 5,34,Central Banker,
7/24/19,3,MSW-NY-F,,7,Dirt,More Than Silver,4,22.00,FALSE,7,Leah Gyarmati,Rajiv Maragh,1:29.111,,,More Than Ready,
7/24/19,3,MSW-NY-F,,7,Dirt,Mazal Eighteen,3,5.60,FALSE,8,Danny Gargan,Kendrick Carmouche,1:29.276,,,Will Take Charge,
7/24/19,6,MSW,,5.5,Dirt,Another Miracle,1,2.35,FALSE,1,Gary Contessa,Manuel Franco,1:03.330,BEL 7/4 5,20,American Pharoah,
7/24/19,6,MSW,,5.5,Dirt,Irish Mias,2,9.20,FALSE,2,H. Motion,Rajiv Maragh,1:03.520,,,Sky Mesa,
7/24/19,6,MSW,,5.5,Dirt,Close Shave,4,6.70,FALSE,3,H. Motion,John Velazquez,1:03.940,,,Uncle Mo,
7/24/19,6,MSW,,5.5,Dirt,Hemlock,6,0.80,TRUE,4,William Mott,Junior Alvarado,1:04.131,,,Into Mischief,
7/24/19,6,MSW,,5.5,Dirt,Blackberry Wine,3,12.50,FALSE,5,Joe Sharp,Luis Saez,1:05.161,,,Oxbow,
7/24/19,6,MSW,,5.5,Dirt,Shackleford's Joy,5,20.80,FALSE,6,D. Lukas,Luis Reyes,1:06.230,,,Shackleford,
7/25/19,2,MCL-F,,5.5,Dirt,Persian Queen,2,6.10,FALSE,1,Rudy Rodriguez,Luis Saez,1:04.780,,,Union Rags,
7/25/19,2,MCL-F,,5.5,Dirt,Wedontbelieveher,5,1.70,TRUE,2,Rudy Rodriguez,Manuel Franco,1:04.858,,,Bayern,
7/25/19,2,MCL-F,,5.5,Dirt,Stunning Munnings,3,4.10,FALSE,3,Wesley Ward,"Irad Ortiz, Jr.",1:04.936,GP 6/27 6,28,Munnings,
7/25/19,2,MCL-F,,5.5,Dirt,Speed Talks,6,16.70,FALSE,4,Gary Contessa,Kendrick Carmouche,1:05.482,,,Afleet Express,
7/25/19,2,MCL-F,,5.5,Dirt,Polished Copper,4,2.70,FALSE,5,Stanley Hough,Tyler Gaffalione,1:05.912,,,Algorithms,
7/25/19,2,MCL-F,,5.5,Dirt,Wicked Amber,7,33.75,FALSE,6,Randi Persaud,Heman Harkie,1:06.107,,,Ghostzapper,
7/25/19,2,MCL-F,,5.5,Dirt,Mrs. Awesome,1,6.60,FALSE,7,Gary Contessa,Joel Rosario,1:07.044,,,Awesome Again,
7/26/19,2,MSW-NY,,7,Dirt,No Lime,5,9.10,FALSE,1,William Mott,Junior Alvarado,1:28.050,,,Flashback,
7/26/19,2,MSW-NY,,7,Dirt,Mo Ready,4,1.00,TRUE,2,Todd Pletcher,Jose Ortiz,1:28.133,BEL 5/10 5,77,Uncle Mo,
7/26/19,2,MSW-NY,,7,Dirt,Cold Hard Cash,6,10.00,FALSE,3,Linda Rice,Jose Lezcano,1:29.133,,,Maclean's Music,
7/26/19,2,MSW-NY,,7,Dirt,Kobe,1,5.10,FALSE,4,Gary Contessa,Luis Saez,1:29.509,SAR 7/14 4,12,Japan,
7/26/19,2,MSW-NY,,7,Dirt,Assault Breaker,7,3.10,FALSE,5,Jonathan Thomas,Javier Castellano,1:29.800,BEL 6/26 6,30,Street Boss,
7/26/19,2,MSW-NY,,7,Dirt,Mitzrayim,3,18.90,FALSE,6,Mark Hennig,Chris Landeros,1:30.801,BEL 6/26 6,30,Cairo Prince,
7/26/19,2,MSW-NY,,7,Dirt,Driftwood,2,16.50,FALSE,7,Kenneth McPeek,Julien Leparoux,1:30.843,,,Courageous Cat,
7/27/19,4,MSW,,5.5,Dirt,Shoplifted,5,0.70,TRUE,1,Steven Asmussen,"Ricardo Santana, Jr.",1:03.990,,,Into Mischief,
7/27/19,4,MSW,,5.5,Dirt,Kowalski,4,3.60,FALSE,2,D. Lukas,Joel Rosario,1:04.684,CD 6/28 4,29,Will Take Charge,
7/27/19,4,MSW,,5.5,Dirt,Complexifier,7,5.40,FALSE,3,Brian Lynch,Luis Saez,1:04.915,,,Overanalyze,
7/27/19,4,MSW,,5.5,Dirt,Soviet,6,0.70,TRUE,4,Todd Pletcher,John Velazquez,1:05.031,,,Super Saver,
7/27/19,4,MSW,,5.5,Dirt,Always Misbehaving,8,8.40,FALSE,5,Danny Gargan,Kendrick Carmouche,1:05.031,,,Into Mischief,
7/27/19,4,MSW,,5.5,Dirt,Leading West,2,38.75,FALSE,6,Joe Sharp,Manuel Franco,1:05.069,,,Distorted Humor,
7/27/19,4,MSW,,5.5,Dirt,Acre,3,15.60,FALSE,7,William Mott,Junior Alvarado,1:05.262,,,Blame,
7/27/19,4,MSW,,5.5,Dirt,Sonneman,9,34.00,FALSE,8,Mark Hennig,Jose Lezcano,1:05.455,,,Curlin,
7/27/19,4,MSW,,5.5,Dirt,No Bad Days,1,49.50,FALSE,9,Nicholas Zito,Tyler Gaffalione,1:06.149,,,Carpe Diem,
7/27/19,7,MSW,,8.5,Turf,Are You Kitten Me,5,5.10,FALSE,1,Michael Maker,Jose Ortiz,1:44.330,,,Kitten's Joy,
7/27/19,7,MSW,,8.5,Turf,Sul Moon,1,13.50,FALSE,2,William Mott,Junior Alvarado,1:44.346,,,Malibu Moon,
7/27/19,7,MSW,,8.5,Turf,Eagerly,10,2.40,TRUE,3,Todd Pletcher,John Velazquez,1:44.452,,,American Pharoah,
7/27/19,7,MSW,,8.5,Turf,Fame to Famous,8,51.25,FALSE,4,Edmund Davis,Manuel Franco,1:44.614,,,Tapit,
7/27/19,7,MSW,,8.5,Turf,Proven Strategies,4,7.40,FALSE,5,Mark Casse,Tyler Gaffalione,1:44.655,WO 6/29 7,28,Sky Mesa,
7/27/19,7,MSW,,8.5,Turf,Hard Sting,6,7.80,FALSE,6,James Jerkens,Luis Saez,1:45.062,BEL 7/6 5,21,Hard Spun,
7/27/19,7,MSW,,8.5,Turf,Crossing the Moon,9,6.20,FALSE,7,Kenneth McPeek,Dylan Davis,1:45.184,CD 6/28 4,29,Cross Traffic,
7/27/19,7,MSW,,8.5,Turf,Mo and Go,3,18.30,FALSE,8,Jeremiah Englehart,Joel Rosario,1:46.282,,,Uncle Mo,
7/27/19,7,MSW,,8.5,Turf,Blanket of Roses,2,6.40,FALSE,9,Chad Brown,Javier Castellano,1:46.323,,,Lookin at Lucky,
7/27/19,7,MSW,,8.5,Turf,Bye Bye Melvin,7,9.50,FALSE,10,H. Motion,Chris Landeros,1:47.543,,,Uncle Mo,
7/28/19,1,MSW-NY,,6,Dirt,Cleon Jones,3,2.75,FALSE,1,Jeremiah Englehart,"Jorge Vargas, Jr.",1:11.250,BEL 6/23 6,35,Tale of the Cat,
7/28/19,1,MSW-NY,,6,Dirt,Stanhope,2,4.00,FALSE,2,Claude McGaughey III,Dylan Davis,1:11.761,,,Street Sense,
7/28/19,1,MSW-NY,,6,Dirt,Macho Boy,1,3.30,FALSE,3,Gary Contessa,Manuel Franco,1:12.076,SAR 7/14 4,14,Mucho Macho Man,
7/28/19,1,MSW-NY,,6,Dirt,Brian's Last Song,6,2.45,TRUE,4,Todd Pletcher,Jose Ortiz,1:12.352,,,Cairo Prince,
7/28/19,1,MSW-NY,,6,Dirt,Sir Ludlow,5,31.25,FALSE,5,Timothy Hamm,Benjamin Hernandez,1:14.752,,,Midas Touch (GB),
7/28/19,1,MSW-NY,,6,Dirt,Fifty Cents,4,4.50,FALSE,6,Alexis Delgado,Luis Saez,1:17.153,,,Goldencents,
7/31/19,3,MSW-NY-F,,6,Dirt,Risky Mischief,1,0.75,TRUE,1,Jeremiah Englehart,Jose Ortiz,1:13.050,,,Into Mischief,
7/31/19,3,MSW-NY-F,,6,Dirt,Playtone,8,10.10,FALSE,2,Eddie Kenneally,Tyler Gaffalione,1:14.260,,,Tonalist,
7/31/19,3,MSW-NY-F,,6,Dirt,E Z for You to Say,2,51.00,FALSE,3,Patrick Quick,Heman Harkie,1:14.421,BEL 6/22 4,39,Majestic City,
7/31/19,3,MSW-NY-F,,6,Dirt,Aubrey Tate,4,8.30,FALSE,4,Norm Casse,"Irad Ortiz, Jr.",1:14.986,,,Bayern,
7/31/19,3,MSW-NY-F,,6,Dirt,Sister Beauty,7,10.20,FALSE,5,Gary Contessa,Joel Rosario,1:15.229,,,Revolutionary,
7/31/19,3,MSW-NY-F,,6,Dirt,Courageous Girl,10,27.75,FALSE,6,David Donk,Manuel Franco,1:15.269,,,Bourbon Courage,
7/31/19,3,MSW-NY-F,,6,Dirt,Magnetique,9,5.10,FALSE,7,Todd Pletcher,John Velazquez,1:15.390,,,Normandy Invasion,
7/31/19,3,MSW-NY-F,,6,Dirt,Mrs. Phelps,3,11.70,FALSE,8,Richard Vega,Kendrick Carmouche,1:15.753,,,Mission Impazible,
7/31/19,3,MSW-NY-F,,6,Dirt,Smokin Hot Kiss,5,28.75,FALSE,9,Marialice Coffey,"Ricardo Santana, Jr.",1:16.923,,,The Lumber Guy,
7/31/19,3,MSW-NY-F,,6,Dirt,Barker Lane,6,64.00,FALSE,10,Edward Barker,Dylan Davis,1:18.820,,,Bellamy Road,
7/31/19,5,MSW-F,,5.5,Dirt,Girlntheyellowtaxi,3,1.95,TRUE,1,Wesley Ward,"Irad Ortiz, Jr.",1:05.500,,,Elusive Quality,
7/31/19,5,MSW-F,,5.5,Dirt,Morality Clause,8,2.80,FALSE,2,Raymond Handal,Manuel Franco,1:06.368,BEL 6/30 4,31,Verrazano,
7/31/19,5,MSW-F,,5.5,Dirt,Kit Kat Katie,7,5.30,FALSE,3,Jeremiah Englehart,Javier Castellano,1:06.842,BEL 6/30 4,31,Sky Mesa,
7/31/19,5,MSW-F,,5.5,Dirt,Positive Power,1,20.20,FALSE,4,Edmund Davis,Dylan Davis,1:06.960,BEL 7/3 5,28,Misremembered,
7/31/19,5,MSW-F,,5.5,Dirt,Darken a Day,2,13.60,FALSE,5,Gary Contessa,Luis Saez,1:08.026,SAR 7/17 10,14,Emcee,
7/31/19,5,MSW-F,,5.5,Dirt,Central Capital,4,31.75,FALSE,6,Leah Gyarmati,Junior Alvarado,1:08.105,,,Central Banker,
7/31/19,5,MSW-F,,5.5,Dirt,Wicked Amber,9,48.25,FALSE,7,Randi Persaud,Heman Harkie,1:08.302,SAR 7/25 2,6,Ghostzapper,
7/31/19,5,MSW-F,,5.5,Dirt,Wicked Title,5,23.80,FALSE,8,Chad Summers,Kendrick Carmouche,1:08.341,,,Wicked Strong,
7/31/19,5,MSW-F,,5.5,Dirt,Blessingsofliberty,6,11.60,FALSE,9,Michael Trombetta,Tyler Gaffalione,1:08.736,,,Constitution,
7/31/19,5,MSW-F,,5.5,Dirt,Astarte Gold,10,5.70,FALSE,10,Michael Trombetta,Jose Lezcano,1:10.749,,,Cairo Prince,
7/31/19,6,MSW-F,,5.5,Dirt,Figure of Speech,5,2.50,FALSE,1,Chad Brown,Javier Castellano,1:05.490,,,Into Mischief,
7/31/19,6,MSW-F,,5.5,Dirt,Drop a Hint,9,14.80,FALSE,2,D. Lukas,Manuel Franco,1:06.358,SAR 7/12 5,19,Into Mischief,
7/31/19,6,MSW-F,,5.5,Dirt,Hallajoori,6,9.60,FALSE,3,Steven Asmussen,"Ricardo Santana, Jr.",1:06.476,,,Bayern,
7/31/19,6,MSW-F,,5.5,Dirt,One Time Around,7,33.75,FALSE,4,Mark Hennig,Tyler Gaffalione,1:06.634,,,Empire Maker,
7/31/19,6,MSW-F,,5.5,Dirt,Slam Dunk,3,2.25,TRUE,5,Rodolphe Brisset,Jose Ortiz,1:06.871,,,Into Mischief,
7/31/19,6,MSW-F,,5.5,Dirt,Magic Motion,8,13.20,FALSE,6,William Mott,Junior Alvarado,1:06.989,,,Bernardini,
7/31/19,6,MSW-F,,5.5,Dirt,Gloriously,2,31.50,FALSE,7,James Jerkens,Jose Lezcano,1:07.029,,,Mucho Macho Man,
7/31/19,6,MSW-F,,5.5,Dirt,Cairo Express,4,14.50,FALSE,8,Joe Sharp,Luis Saez,1:07.897,,,Cairo Prince,
7/31/19,6,MSW-F,,5.5,Dirt,Tulanian,1,2.95,FALSE,9,Thomas Amoss,"Irad Ortiz, Jr.",1:08.094,,,Twirling Candy,
8/1/19,1,MSW,,5.5,Turf,Frosted Rose,2,2.30,TRUE,1,Michael Trombetta,Joel Rosario,1:03.160,LRL 6/28 6,34,Oxbow,
8/1/19,1,MSW,,5.5,Turf,Summer Sangria,8,3.90,FALSE,2,Wesley Ward,John Velazquez,1:03.426,,,Maclean's Music,
8/1/19,1,MSW,,5.5,Turf,Get Smokin,1,11.00,FALSE,3,Thomas Bush,Javier Castellano,1:03.502,,,Get Stormy,
8/1/19,1,MSW,,5.5,Turf,Smite,6,11.00,FALSE,4,Joe Sharp,Luis Saez,1:03.540,,,Congrats,
8/1/19,1,MSW,,5.5,Turf,Saint Marco,3,22.30,FALSE,5,Niall Saville,Kendrick Carmouche,1:03.807,,,Tonalist,
8/1/19,1,MSW,,5.5,Turf,Dan the Man Can,9,2.40,FALSE,6,Edward Barker,Manuel Franco,1:03.997,SAR 7/18 2,14,Can the Man,
8/1/19,1,MSW,,5.5,Turf,Justintimeforwine,10,11.10,FALSE,7,Gary Contessa,Jose Ortiz,1:04.568,SAR 7/18 2,14,Justintimeforwine,
8/1/19,1,MSW,,5.5,Turf,Mr Phil,5,16.50,FALSE,8,James Ryerson,Tyler Gaffalione,1:04.758,,,Mr Speaker,
8/1/19,1,MSW,,5.5,Turf,Ninth of April,4,52.75,FALSE,9,Edmund Davis,Joey Martinez,1:04.758,SAR 7/18 2,14,Shanghai Bobby,
8/1/19,1,MSW,,5.5,Turf,Strong Legacy,7,35.00,FALSE,10,"Oscar Barrera, III",Luis Reyes,1:06.014,,,Strong Mandate,
8/1/19,3,MCL,,5.5,Dirt,Inside Risk,6,2.75,FALSE,1,Todd Pletcher,"Irad Ortiz, Jr.",1:05.070,,,Street Sense,
8/1/19,3,MCL,,5.5,Dirt,Blues City,5,9.80,FALSE,2,Linda Rice,Jose Lezcano,1:05.305,BEL 5/10 5,83,Frost Giant,
8/1/19,3,MCL,,5.5,Dirt,Vaya Con Dios,1,5.20,FALSE,3,Eric Guillot,Dylan Davis,1:05.383,SAR 7/13 4,19,Majesticperfection,
8/1/19,3,MCL,,5.5,Dirt,Bahamian Prince,4,2.60,TRUE,4,Kelly Breen,Paco Lopez,1:05.618,,,Bahamian Squall,
8/1/19,3,MCL,,5.5,Dirt,King of American,7,60.25,FALSE,5,Randi Persaud,Joey Martinez,1:05.815,,,Flatter,
8/1/19,3,MCL,,5.5,Dirt,Big Royal Lineage,3,8.60,FALSE,6,Rudy Rodriguez,Luis Saez,1:06.011,,,Bodemeister,
8/1/19,3,MCL,,5.5,Dirt,Bayern's Mirage,9,7.90,FALSE,7,Gary Gullo,Manuel Franco,1:06.207,BEL 7/6 5,26,Bayern,
8/1/19,3,MCL,,5.5,Dirt,Feeling It,8,6.40,FALSE,8,D. Lukas,Joel Rosario,1:06.246,ELP 6/30 5,32,Majesticperfection,
8/1/19,3,MCL,,5.5,Dirt,Determined Force,2,32.00,FALSE,9,Phil Schoenthal,Jevian Toledo,1:07.109,BEL 6/28 4,34,Bellamy Road,
8/2/19,3,MSW-NY-F,,5.5,Turf,Light in the Sky,2,1.20,TRUE,1,Linda Rice,Jose Ortiz,1:03.030,SAR 7/17 10,16,Tale of the Cat,
8/2/19,3,MSW-NY-F,,5.5,Turf,Good Credence,8,3.20,FALSE,2,"Anthony Margotta, Jr.",John Velazquez,1:03.181,MTH 7/12 5,21,Jimmy Creed,
8/2/19,3,MSW-NY-F,,5.5,Turf,My Sassy Sarah,9,4.40,FALSE,3,Michelle Nevin,Manuel Franco,1:03.181,,,Summer Front,
8/2/19,3,MSW-NY-F,,5.5,Turf,Imincomunicado,1,16.30,FALSE,4,Derek Ryan,Jose Lezcano,1:03.523,,,Maclean's Music,
8/2/19,3,MSW-NY-F,,5.5,Turf,Canarsie Angel,6,21.10,FALSE,5,Linda Dixon,Kendrick Carmouche,1:03.561,,,Big Brown,
8/2/19,3,MSW-NY-F,,5.5,Turf,Wall Eye,7,10.10,FALSE,6,Gary Contessa,Luis Saez,1:04.169,,,Quality Road,
8/2/19,3,MSW-NY-F,,5.5,Turf,Stuy Town Baby,3,11.50,FALSE,7,Mark Casse,Tyler Gaffalione,1:04.549,,,Bellamy Road,
8/2/19,3,MSW-NY-F,,5.5,Turf,Apollo's Abraxas,4,21.60,FALSE,8,Kim Laudati,Benjamin Hernandez,1:04.739,SAR 7/17 10,16,Big Brown,
8/2/19,3,MSW-NY-F,,5.5,Turf,Tokyo Bay,5,10.10,FALSE,9,Gary Gullo,Chris Landeros,1:05.916,,,Japan,
8/3/19,1,MSW,,8.5,Turf,Our Country,7,2.40,TRUE,1,George Weaver,Manuel Franco,1:41.390,SAR 7/13 6,21,Constitution,
8/3/19,1,MSW,,8.5,Turf,Policy Option,2,9.90,FALSE,2,Chad Brown,"Irad Ortiz, Jr.",1:42.299,,,Empire Maker,
8/3/19,1,MSW,,8.5,Turf,Silver Prospector,3,8.30,FALSE,3,Steven Asmussen,"Ricardo Santana, Jr.",1:42.299,BEL 7/6 5,28,Declaration of War,
8/3/19,1,MSW,,8.5,Turf,U S Army Corps,6,8.70,FALSE,4,Claude McGaughey III,Joel Rosario,1:42.338,,,War Front,
8/3/19,1,MSW,,8.5,Turf,Brewmeister,4,4.50,FALSE,5,Chad Brown,Javier Castellano,1:42.813,,,Point of Entry,
8/3/19,1,MSW,,8.5,Turf,Shamrocket,9,13.00,FALSE,6,Christophe Clement,Flavien Prat,1:42.852,,,Tonalist,
8/3/19,1,MSW,,8.5,Turf,Eternal Summer,5,11.30,FALSE,7,Todd Pletcher,Jose Ortiz,1:43.485,,,Summer Front,
8/3/19,1,MSW,,8.5,Turf,Lido Legacy,8,42.50,FALSE,8,D. Lukas,Chris Landeros,1:43.880,,,Speightstown,
8/3/19,1,MSW,,8.5,Turf,Chimney Rock,1,3.05,FALSE,9,Michael Maker,Luis Saez,1:44.117,BEL 6/21 7,43,Artie Schiller,
8/3/19,3,MSW,,7,Dirt,Glory Road,9,3.50,FALSE,1,Todd Pletcher,John Velazquez,1:24.600,,,Commissioner,
8/3/19,3,MSW,,7,Dirt,This Ill Defend,7,17.80,FALSE,2,Thomas Albertrani,Luis Reyes,1:24.640,BEL 7/4 5,30,Sky Mesa,
8/3/19,3,MSW,,7,Dirt,Atoka,8,25.50,FALSE,3,D. Lukas,Luis Saez,1:24.640,,,Union Rags,
8/3/19,3,MSW,,7,Dirt,Height,6,19.40,FALSE,4,William Mott,Junior Alvarado,1:24.960,,,Union Rags,
8/3/19,3,MSW,,7,Dirt,Extreme Force,2,5.90,FALSE,5,Mark Hennig,Jose Lezcano,1:25.120,BEL 7/4 5,30,Constitution,
8/3/19,3,MSW,,7,Dirt,Amends,10,13.70,FALSE,6,Claude McGaughey III,Joel Rosario,1:25.441,,,Uncle Mo,
8/3/19,3,MSW,,7,Dirt,Dubai Bobby,1,5.60,FALSE,7,Jonathan Thomas,Javier Castellano,1:25.721,BEL 7/6 5,28,Shanghai Bobby,
8/3/19,3,MSW,,7,Dirt,Wayne O,4,1.70,TRUE,8,Steven Asmussen,Jose Ortiz,1:26.923,,,Into Mischief,
8/3/19,3,MSW,,7,Dirt,Fishman,5,17.90,FALSE,9,"James Lawrence, II",Kendrick Carmouche,1:27.123,LRL 7/11 1,23,Malibu Moon,
8/3/19,3,MSW,,7,Dirt,Indian Cross,3,21.20,FALSE,10,Steven Asmussen,"Ricardo Santana, Jr.",1:29.647,,,Cross Traffic,
8/4/19,1,MSW-F,,7,Dirt,Daphne Moon,3,2.15,FALSE,1,Jeremiah Englehart,Jose Ortiz,1:23.940,,,Cairo Prince,
8/4/19,1,MSW-F,,7,Dirt,Weekend Fun,6,2.40,FALSE,2,Steven Asmussen,"Ricardo Santana, Jr.",1:24.456,CD 6/27 1,38,More Than Ready,
8/4/19,1,MSW-F,,7,Dirt,Lucky Dime,4,6.30,FALSE,3,William Mott,Junior Alvarado,1:24.695,,,Creative Cause,
8/4/19,1,MSW-F,,7,Dirt,Pure Wow,1,2.05,TRUE,4,John Terranova II,Joel Rosario,1:25.092,SAR 7/12 5,23,The Factor,
8/4/19,1,MSW-F,,7,Dirt,Foreign Exchange,2,19.80,FALSE,5,D. Lukas,Luis Saez,1:25.927,SAR 7/14 1,21,Congrats,
8/4/19,1,MSW-F,,7,Dirt,Ill Will,5,11.40,FALSE,6,Gary Contessa,Chris Landeros,1:26.881,SAR 7/21 7,14,Palace Malice,
8/4/19,4,MSW-F,,8.5,Turf,Crystalle,2,41.50,FALSE,1,John Kimmel,Chris Landeros,1:41.170,,,Palace Malice,DQ'd and placed third
8/4/19,4,MSW-F,,8.5,Turf,Sketches of Spain (IRE),4,5.40,FALSE,2,Chad Brown,"Irad Ortiz, Jr.",1:41.525,,,Lope de Vega (IRE),
8/4/19,4,MSW-F,,8.5,Turf,Sparkling Sky,7,2.95,FALSE,3,Todd Pletcher,Jose Ortiz,1:41.525,,,More Than Ready,
8/4/19,4,MSW-F,,8.5,Turf,Situation Room,3,1.95,TRUE,4,Chad Brown,Javier Castellano,1:41.722,,,Summer Front,
8/4/19,4,MSW-F,,8.5,Turf,Swanage,5,6.00,FALSE,5,Michael Maker,Luis Saez,1:41.761,ELP 7/5 5,30,English Channel,
8/4/19,4,MSW-F,,8.5,Turf,Miss My Macho,9,27.00,FALSE,6,Katherine Ritvo,Rajiv Maragh,1:41.958,SAR 7/21 7,14,Mucho Macho Man,
8/4/19,4,MSW-F,,8.5,Turf,Livin At the Beach,6,7.90,FALSE,7,Christophe Clement,Dylan Davis,1:42.116,BEL 6/30 4,35,Treasure Beach (GB),
8/4/19,4,MSW-F,,8.5,Turf,Bridal Path,1,10.00,FALSE,8,Claude McGaughey III,Joel Rosario,1:42.353,,,Hard Spun,
8/4/19,4,MSW-F,,8.5,Turf,Osaka Girl,8,21.50,FALSE,9,Brian Lynch,Manuel Franco,1:43.970,,,First Samurai,
8/4/19,10,GRD-F,Adirondack S.,6.5,Dirt,Perfect Alibi,3,6.70,FALSE,1,Mark Casse,"Irad Ortiz, Jr.",1:18.390,BEL 6/6 7,59,Sky Mesa,
8/4/19,10,GRD-F,Adirondack S.,6.5,Dirt,Frank's Rockette,2,0.70,TRUE,2,William Mott,Julien Leparoux,1:18.469,CD 6/21 1,44,Into Mischief,
8/4/19,10,GRD-F,Adirondack S.,6.5,Dirt,Magic Dance,8,2.35,FALSE,3,Steven Asmussen,"Ricardo Santana, Jr.",1:18.669,CD 6/29 10,36,More Than Ready,
8/4/19,10,GRD-F,Adirondack S.,6.5,Dirt,Miss Peppina,6,10.40,FALSE,4,Gary Gullo,Joel Rosario,1:18.789,BEL 7/3 5,32,Bayern,
8/4/19,10,GRD-F,Adirondack S.,6.5,Dirt,Big Q,1,60.25,FALSE,5,Gary Gullo,Jose Lezcano,1:19.469,SAR 7/11 5,24,Big Brown,
8/4/19,10,GRD-F,Adirondack S.,6.5,Dirt,Mylastfirstkiss,5,83.00,FALSE,6,Anthony Quartarolo,Chris Landeros,1:19.709,SAR 7/12 5,23,Flatter,
8/4/19,10,GRD-F,Adirondack S.,6.5,Dirt,Integral,4,24.25,FALSE,7,Todd Pletcher,John Velazquez,1:23.306,SAR 7/11 8,24,Algorithms,
8/4/19,10,GRD-F,Adirondack S.,6.5,Dirt,Just Fly,7,42.00,FALSE,8,Joe Sharp,Luis Saez,1:27.543,SAR 7/17 5,18,Justin Phillip,
8/7/19,5,MSW-NY-F,,6.5,Dirt,Thea's Theme,2,2.25,FALSE,1,Jeremiah Englehart,Jose Ortiz,1:19.170,,,Bayern,
8/7/19,5,MSW-NY-F,,6.5,Dirt,Critical Value,6,10.80,FALSE,2,Jeremiah Englehart,Junior Alvarado,1:19.178,,,Bodemeister,
8/7/19,5,MSW-NY-F,,6.5,Dirt,Funnypointofview,1,11.30,FALSE,3,James Ryerson,Tyler Gaffalione,1:20.179,BEL 6/23 2,45,D'Funnybone,
8/7/19,5,MSW-NY-F,,6.5,Dirt,Saratoga Beauty,5,1.95,TRUE,4,Patrick McBurney,Paco Lopez,1:20.744,,,Macho Uno,
8/7/19,5,MSW-NY-F,,6.5,Dirt,Rewarded,4,43.50,FALSE,5,Michael Lauer,Manuel Franco,1:21.834,SAR 7/11 5,27,Central Banker,
8/7/19,5,MSW-NY-F,,6.5,Dirt,Lady Kaza,7,4.30,FALSE,6,Chad Brown,Javier Castellano,1:22.601,,,Congrats,
8/7/19,5,MSW-NY-F,,6.5,Dirt,A d'Oro,8,15.60,FALSE,7,Brad Cox,Kendrick Carmouche,1:22.843,,,Alpha,
8/7/19,5,MSW-NY-F,,6.5,Dirt,Graphite Dutchess,9,9.70,FALSE,8,Bruce Brown,Luis Saez,1:24.175,,,Palace Malice,
8/7/19,5,MSW-NY-F,,6.5,Dirt,Bella Invasion,3,47.50,FALSE,9,Randi Persaud,Samuel Jimenez,1:24.216,,,Normandy Invasion,
8/8/19,5,MSW-NY,,6.5,Dirt,Tiz the Law,3,3.55,FALSE,1,Barclay Tagg,Junior Alvarado,1:18.020,,,Constitution,
8/8/19,5,MSW-NY,,6.5,Dirt,Dream Bigger,7,1.50,TRUE,2,Rudy Rodriguez,John Velazquez,1:18.696,,,Mission Impazible,
8/8/19,5,MSW-NY,,6.5,Dirt,Brilliant Brooks,6,4.30,FALSE,3,Jeremiah Englehart,Jose Ortiz,1:20.924,,,Candy Ride (ARG),
8/8/19,5,MSW-NY,,6.5,Dirt,Disco Deano,5,31.00,FALSE,4,M. Ferraro,Jaime Rodriguez,1:22.197,,,Verrazano,
8/8/19,5,MSW-NY,,6.5,Dirt,Dangerous Edge,8,4.00,FALSE,5,George Weaver,Eric Cancel,1:22.634,,,Competitive Edge,
8/8/19,5,MSW-NY,,6.5,Dirt,Geta Lode of Lucky,2,19.20,FALSE,6,Danny Gargan,Kendrick Carmouche,1:23.828,,,Girolamo,
8/8/19,5,MSW-NY,,6.5,Dirt,Perpetrate,4,11.30,FALSE,7,Michael Stidham,Tyler Gaffalione,1:24.265,,,Distorted Humor,
8/8/19,5,MSW-NY,,6.5,Dirt,Forever Wicked,1,31.00,FALSE,8,Randi Persaud,Rajiv Maragh,1:24.942,,,Wicked Strong,
8/9/19,4,MSW-NY,,5.5,Turf,Fly Fly Away,8,1.85,TRUE,1,Christophe Clement,"Irad Ortiz, Jr.",1:02.500,SAR 7/18 5,22,First Samurai,
8/9/19,4,MSW-NY,,5.5,Turf,First Deputy,3,4.60,FALSE,2,Linda Rice,Jose Ortiz,1:02.507,,,Awesome Again,
8/9/19,4,MSW-NY,,5.5,Turf,Shandian,6,3.55,FALSE,3,Gary Contessa,Javier Castellano,1:02.801,SAR 7/18 5,22,Emcee,
8/9/19,4,MSW-NY,,5.5,Turf,Kierkegaard,10,4.60,FALSE,4,Jack Sisterson,Joel Rosario,1:02.838,,,Freud,
8/9/19,4,MSW-NY,,5.5,Turf,Go Rudy Go,1,10.40,FALSE,5,Rudy Rodriguez,Jose Lezcano,1:02.951,,,Warrior's Reward,
8/9/19,4,MSW-NY,,5.5,Turf,Lord Camden,9,6.70,FALSE,6,Mark Casse,Tyler Gaffalione,1:02.951,,,Freud,
8/9/19,4,MSW-NY,,5.5,Turf,Very Replaceable,4,25.50,FALSE,7,M. Ferraro,Jaime Rodriguez,1:03.366,,,Normandy Invasion,
8/9/19,4,MSW-NY,,5.5,Turf,Love Me Tomorrow,5,6.40,FALSE,8,Wesley Ward,Dylan Davis,1:03.479,SAR 7/11 5,29,Mineshaft,
8/9/19,4,MSW-NY,,5.5,Turf,Perfect Banker,2,34.00,FALSE,9,Thomas Albertrani,Eric Cancel,1:03.516,,,Central Banker,
8/9/19,4,MSW-NY,,5.5,Turf,Stone Guitar,7,32.50,FALSE,10,Gary Contessa,Kendrick Carmouche,1:03.629,,,Bustin Stones,
8/9/19,6,MSW-F,,5.5,Turf,Voting Agreement,4,3.00,FALSE,1,Chad Brown,Javier Castellano,1:01.870,,,More Than Ready,
8/9/19,6,MSW-F,,5.5,Turf,Boston Beauties (IRE),6,10.70,FALSE,2,Todd Pletcher,Luis Saez,1:02.242,,,Zoffany (IRE),
8/9/19,6,MSW-F,,5.5,Turf,Indochine,7,3.65,FALSE,3,Chad Brown,"Irad Ortiz, Jr.",1:02.429,,,War Front,
8/9/19,6,MSW-F,,5.5,Turf,Love of My Heart,3,15.10,FALSE,4,Mark Casse,Tyler Gaffalione,1:02.615,,,Colonel John,
8/9/19,6,MSW-F,,5.5,Turf,Leaveuwithasmile,1,20.50,FALSE,5,Jeremiah Englehart,"Ricardo Santana, Jr.",1:02.615,,,Conveyance,
8/9/19,6,MSW-F,,5.5,Turf,Star Command,9,20.50,FALSE,6,Claude McGaughey III,Dylan Davis,1:02.802,,,Orb,
8/9/19,6,MSW-F,,5.5,Turf,Our Little Jewel,5,21.00,FALSE,7,Michael Trombetta,Joel Rosario,1:02.913,,,Hat Trick (JPN),
8/9/19,6,MSW-F,,5.5,Turf,She's Into Me,2,7.60,FALSE,8,Jorge Abreu,Jose Ortiz,1:03.100,,,Into Mischief,
8/9/19,6,MSW-F,,5.5,Turf,Divided Sky (IRE),8,2.30,TRUE,9,Wesley Ward,John Velazquez,1:03.137,,,Society Rock (IRE),
8/9/19,6,MSW-F,,5.5,Turf,La Negrita,10,38.50,FALSE,10,Rudy Rodriguez,Manuel Franco,1:03.659,,,Fed Biz,
8/10/19,3,MSW,,8.5,Turf,Decorated Invader,5,1.25,TRUE,1,Christophe Clement,Junior Alvarado,1:41.340,SAR 7/13 6,28,Declaration of War,
8/10/19,3,MSW,,8.5,Turf,Summer to Remember,1,2.50,FALSE,2,Todd Pletcher,Manuel Franco,1:41.853,,,Summer Front,
8/10/19,3,MSW,,8.5,Turf,Fame to Famous,6,4.30,FALSE,3,Edmund Davis,Luis Saez,1:41.853,SAR 7/27 7,14,Tapit,
8/10/19,3,MSW,,8.5,Turf,Glynn County,7,21.70,FALSE,4,James Toner,Kendrick Carmouche,1:42.169,,,Kitten's Joy,
8/10/19,3,MSW,,8.5,Turf,No Bad Days,8,30.00,FALSE,5,Nicholas Zito,Tyler Gaffalione,1:42.762,SAR 7/27 4,14,Carpe Diem,
8/10/19,3,MSW,,8.5,Turf,My Sacred Place,3,10.00,FALSE,6,Jason Servis,Jose Lezcano,1:43.394,MTH 7/13 6,28,Temple City,
8/10/19,3,MSW,,8.5,Turf,City Guy,2,53.00,FALSE,7,Philip Gleaves,Dylan Davis,1:43.434,BEL 7/6 5,35,Temple City,
8/10/19,3,MSW,,8.5,Turf,Yukon Eric,4,9.40,FALSE,8,Linda Rice,Jose Ortiz,1:46.397,,,Will Take Charge,
8/10/19,5,MSW,,6,Dirt,Tumbling Sky,7,2.05,FALSE,1,Steven Asmussen,"Ricardo Santana, Jr.",1:09.860,,,Competitive Edge,
8/10/19,5,MSW,,6,Dirt,Bellavia,8,22.80,FALSE,2,Jena Antonucci,Tyler Gaffalione,1:10.052,,,Honor Code,
8/10/19,5,MSW,,6,Dirt,Famished,5,11.60,FALSE,3,John Kimmel,Joel Rosario,1:10.323,,,Uncle Mo,
8/10/19,5,MSW,,6,Dirt,Irish Front,1,8.00,FALSE,4,Todd Pletcher,Manuel Franco,1:10.593,,,Summer Front,
8/10/19,5,MSW,,6,Dirt,Ajaaweed,3,6.00,FALSE,5,Kiaran McLaughlin,Luis Saez,1:10.631,,,Curlin,
8/10/19,5,MSW,,6,Dirt,Kittansett,2,1.50,TRUE,6,Chad Brown,Jose Ortiz,1:11.017,,,American Pharoah,
8/10/19,5,MSW,,6,Dirt,Social Afleet,4,43.00,FALSE,7,Dallas Stewart,Corey Lanerie,1:12.368,,,Northern Afleet,
8/10/19,5,MSW,,6,Dirt,Ghost of the Mambo,9,18.50,FALSE,8,William Mott,Junior Alvarado,1:12.715,,,Ghostzapper,
8/10/19,5,MSW,,6,Dirt,Good Scout,6,52.75,FALSE,9,D. Lukas,Rajiv Maragh,1:12.985,,,Oxbow,
8/10/19,7,MSW,,6,Dirt,Gozilla,6,0.60,TRUE,1,Steven Asmussen,"Ricardo Santana, Jr.",1:09.590,,,Flatter,
8/10/19,7,MSW,,6,Dirt,Ox Bridge,8,7.50,FALSE,2,Todd Pletcher,Manuel Franco,1:10.281,,,Oxbow,
8/10/19,7,MSW,,6,Dirt,Sprawl,2,10.70,FALSE,3,William Mott,Jose Ortiz,1:10.781,,,City Zip,
8/10/19,7,MSW,,6,Dirt,Prince of Caps,4,46.75,FALSE,4,Michelle Nevin,Eric Cancel,1:11.281,,,Awesome Again,
8/10/19,7,MSW,,6,Dirt,Cardiac Kid,7,5.70,FALSE,5,Kenneth McPeek,Julien Leparoux,1:11.704,SAR 7/13 6,28,American Pharoah,
8/10/19,7,MSW,,6,Dirt,Option Value,1,5.30,FALSE,6,Chad Brown,Luis Saez,1:12.088,,,Into Mischief,
8/10/19,7,MSW,,6,Dirt,Hostile Witness,9,36.50,FALSE,7,Rudy Rodriguez,Jose Lezcano,1:12.857,,,Verrazano,
8/10/19,7,MSW,,6,Dirt,Gear Jockey,5,7.50,FALSE,8,"George Arnold, II",Junior Alvarado,1:13.088,,,Twirling Candy,
8/10/19,7,MSW,,6,Dirt,Stick Figure,3,35.50,FALSE,9,Dale Romans,Corey Lanerie,1:13.741,,,Tiznow,
8/10/19,8,GRD,Saratoga Special S.,6.5,Dirt,Green Light Go,3,1.55,TRUE,1,James Jerkens,Junior Alvarado,1:15.680,BEL 7/4 5,37,Hard Spun,
8/10/19,8,GRD,Saratoga Special S.,6.5,Dirt,Noose,1,2.35,FALSE,2,Eddie Kenneally,Corey Lanerie,1:16.258,CD 6/28 4,43,More Than Ready,
8/10/19,8,GRD,Saratoga Special S.,6.5,Dirt,Tuggle,4,8.20,FALSE,3,Jeremiah Englehart,Luis Saez,1:16.528,BEL 6/21 7,50,Point of Entry,
8/10/19,8,GRD,Saratoga Special S.,6.5,Dirt,Peruvian Boy,6,16.50,FALSE,4,"Ignacio Correas, IV",Julien Leparoux,1:17.146,AP 7/13 4,28,Tapiture,
8/10/19,8,GRD,Saratoga Special S.,6.5,Dirt,Zyramid,2,8.10,FALSE,5,Steven Asmussen,"Ricardo Santana, Jr.",1:17.570,SAR 7/13 4,28,City Zip,
8/10/19,8,GRD,Saratoga Special S.,6.5,Dirt,Long Weekend,5,3.95,FALSE,6,Thomas Amoss,Joel Rosario,1:17.879,CD 6/23 2,48,Majesticperfection,
8/10/19,8,GRD,Saratoga Special S.,6.5,Dirt,Iberico,7,32.75,FALSE,7,Antonio Sano,Tyler Gaffalione,1:19.538,GP 7/6 6,35,Dialed In,
8/11/19,3,MSW-F,,8.5,Turf,Morning Gold,7,1.35,TRUE,1,Kenneth McPeek,Jose Ortiz,1:40.600,SAR 7/14 1,28,Morning Line,
8/11/19,3,MSW-F,,8.5,Turf,Apurate,8,4.80,FALSE,2,Todd Pletcher,John Velazquez,1:41.423,SAR 7/12 5,30,Summer Front,
8/11/19,3,MSW-F,,8.5,Turf,Micheline,2,12.50,FALSE,3,Michael Stidham,Jose Lezcano,1:41.619,,,Bernardini,
8/11/19,3,MSW-F,,8.5,Turf,Slip Sliding Away,1,3.75,FALSE,4,James Toner,Joe Bravo,1:41.619,,,American Pharoah,
8/11/19,3,MSW-F,,8.5,Turf,Gran Chemin,5,9.80,FALSE,5,Jeremiah Englehart,"Irad Ortiz, Jr.",1:41.855,,,Constitution,
8/11/19,3,MSW-F,,8.5,Turf,Leeway,3,32.50,FALSE,6,Christophe Clement,Chris Landeros,1:41.972,,,Stroll,
8/11/19,3,MSW-F,,8.5,Turf,Windfall Profit,4,7.00,FALSE,7,Claude McGaughey III,Joel Rosario,1:42.012,,,Malibu Moon,
8/11/19,3,MSW-F,,8.5,Turf,Revelment,9,47.50,FALSE,8,Barclay Tagg,Dylan Davis,1:42.561,,,English Channel,
8/11/19,3,MSW-F,,8.5,Turf,Catherineofaragon,10,35.25,FALSE,9,Rodolphe Brisset,Tyler Gaffalione,1:42.835,,,Bodemeister,
8/11/19,3,MSW-F,,8.5,Turf,Hard Won,6,50.25,FALSE,10,Leah Gyarmati,Rajiv Maragh,1:43.385,,,Hard Spun,
8/11/19,6,MSW-F,,6,Dirt,Lotta Ott,3,3.60,FALSE,1,Steven Asmussen,"Ricardo Santana, Jr.",1:10.610,SAR 7/12 5,30,Tapiture,
8/11/19,6,MSW-F,,6,Dirt,Mundaye Call,8,0.85,TRUE,2,Don Chatlos,Jose Ortiz,1:10.625,,,Into Mischief,
8/11/19,6,MSW-F,,6,Dirt,Secondary Market,4,7.70,FALSE,3,Chad Brown,Javier Castellano,1:11.156,,,Into Mischief,
8/11/19,6,MSW-F,,6,Dirt,Noudha,2,15.40,FALSE,4,Todd Pletcher,John Velazquez,1:11.546,,,American Pharoah,
8/11/19,6,MSW-F,,6,Dirt,Palace Avenger,7,8.70,FALSE,5,Wesley Ward,"Irad Ortiz, Jr.",1:11.585,BEL 7/3 5,39,Palace,
8/11/19,6,MSW-F,,6,Dirt,Velvet Crush,6,15.60,FALSE,6,Rodolphe Brisset,Manuel Franco,1:11.780,,,Tapit,
8/11/19,6,MSW-F,,6,Dirt,Plea,5,11.20,FALSE,7,William Mott,Junior Alvarado,1:12.014,,,Lea,
8/11/19,6,MSW-F,,6,Dirt,Nikki My Angel,1,34.50,FALSE,8,Anthony Quartarolo,Eric Cancel,1:15.368,TDN 7/20 7,22,Shackleford,
8/14/19,2,MSW,,6,Dirt,Beyond Gone,5,0.65,TRUE,1,Kenneth McPeek,Jose Ortiz,1:11.270,SAR 7/18 2,27,Can the Man,
8/14/19,2,MSW,,6,Dirt,Dan the Man Can,3,4.80,FALSE,2,Edward Barker,Manuel Franco,1:11.821,SAR 8/1 1,13,Can the Man,
8/14/19,2,MSW,,6,Dirt,More Thunder,2,4.50,FALSE,3,Steve Klesaris,Joel Rosario,1:12.136,,,Goldencents,
8/14/19,2,MSW,,6,Dirt,King of American,6,18.20,FALSE,4,Randi Persaud,Rajiv Maragh,1:12.726,SAR 8/1 3,13,Flatter,
8/14/19,2,MSW,,6,Dirt,Mr Phil,7,18.20,FALSE,5,James Ryerson,Tyler Gaffalione,1:13.002,SAR 8/1 1,13,Mr Speaker,
8/14/19,2,MSW,,6,Dirt,Montana Man,1,11.00,FALSE,6,Dale Romans,Luis Saez,1:13.356,,,Constitution,
8/14/19,2,MSW,,6,Dirt,Stone Guitar,4,20.10,FALSE,7,Gary Contessa,Kendrick Carmouche,1:13.710,SAR 8/9 4,5,Bustin Stones,
8/14/19,6,MSW-NY-F,,8.5,Turf,English Breeze,5,9.40,FALSE,1,David Donk,Manuel Franco,1:42.510,,,English Channel,
8/14/19,6,MSW-NY-F,,8.5,Turf,Sainte Mere Eglise,2,23.20,FALSE,2,Thomas Bush,Junior Alvarado,1:43.269,,,Noble Mission (GB),
8/14/19,6,MSW-NY-F,,8.5,Turf,Mazal Eighteen,10,7.70,FALSE,3,Patrick Reynolds,"Irad Ortiz, Jr.",1:43.629,SAR 7/24 3,21,Will Take Charge,
8/14/19,6,MSW-NY-F,,8.5,Turf,Kiss and Run,9,7.60,FALSE,4,Cherie DeVaux,Jose Lezcano,1:43.629,,,Carpe Diem,
8/14/19,6,MSW-NY-F,,8.5,Turf,Dustinthewind,7,24.75,FALSE,5,Edmund Davis,Joe Bravo,1:43.789,SAR 7/24 3,21,Mission Impazible,
8/14/19,6,MSW-NY-F,,8.5,Turf,Astoria Kitten,3,1.00,TRUE,6,Danny Gargan,Kendrick Carmouche,1:43.829,,,Kitten's Joy,
8/14/19,6,MSW-NY-F,,8.5,Turf,Sister Beauty,8,15.50,FALSE,7,Gary Contessa,Joel Rosario,1:44.028,SAR 7/31 3,14,Revolutionary,
8/14/19,6,MSW-NY-F,,8.5,Turf,Big Bounty,1,22.10,FALSE,8,Leah Gyarmati,Jose Ortiz,1:44.028,,,Posse,
8/14/19,6,MSW-NY-F,,8.5,Turf,Devils Rendezvous,6,5.30,FALSE,9,Gary Contessa,Tyler Gaffalione,1:44.708,SAR 7/17 5,28,Daredevil,
8/14/19,6,MSW-NY-F,,8.5,Turf,More Than Silver,4,40.50,FALSE,10,Leah Gyarmati,Rajiv Maragh,1:45.907,SAR 7/24 3,21,More Than Ready,
8/14/19,7,STK-F,Bolton Landing S.,5.5,Turf,Kimari,4,0.25,TRUE,1,Wesley Ward,John Velazquez,1:01.430,ASC 6/19,56,Munnings,
8/14/19,7,STK-F,Bolton Landing S.,5.5,Turf,Abscond,3,5.70,FALSE,2,Eddie Kenneally,Javier Castellano,1:02.022,ELP 7/21 4,24,Blame,
8/14/19,7,STK-F,Bolton Landing S.,5.5,Turf,Champagne Humor,5,13.50,FALSE,3,Antonio Sano,Luca Panici,1:02.170,GP 5/25 5,81,Distorted Humor,
8/14/19,7,STK-F,Bolton Landing S.,5.5,Turf,Vast,1,6.90,FALSE,4,William Mott,Junior Alvarado,1:02.466,SAR 7/12 5,33,Lea,
8/14/19,7,STK-F,Bolton Landing S.,5.5,Turf,Classy Sadie,6,23.30,FALSE,5,Gary Contessa,Tyler Gaffalione,1:02.466,SAR 7/18 3,27,Emcee,
8/14/19,7,STK-F,Bolton Landing S.,5.5,Turf,Persian Queen,2,31.50,FALSE,6,Carlos Martin,Luis Saez,1:03.466,SAR 7/25 2,20,Union Rags,
8/15/19,2,MSW-F,,6,Dirt,British Idiom,3,3.50,TRUE,1,Brad Cox,Javier Castellano,1:10.010,,,Flashback,
8/15/19,2,MSW-F,,6,Dirt,Miss Marissa,2,14.50,FALSE,2,James Ryerson,Dylan Davis,1:10.551,SAR 7/14 1,32,He's Had Enough,
8/15/19,2,MSW-F,,6,Dirt,Ain't None Lucky,6,3.80,FALSE,3,Lacey Gaudet,"Irad Ortiz, Jr.",1:10.667,SAR 7/17 5,29,Candy Ride (ARG),
8/15/19,2,MSW-F,,6,Dirt,Miraculousblessing,7,8.20,FALSE,4,Kelsey Danner,Tyler Gaffalione,1:11.518,,,Rattlesnake Bridge,
8/15/19,2,MSW-F,,6,Dirt,Esther's Fortune,8,7.50,FALSE,5,Bruce Levine,Jose Ortiz,1:12.175,,,Super Saver,
8/15/19,2,MSW-F,,6,Dirt,Little Farina,1,14.00,FALSE,6,Rudy Rodriguez,Manuel Franco,1:12.910,,,Astrology,
8/15/19,2,MSW-F,,6,Dirt,Surprise Arrival,5,32.50,FALSE,7,Michael Maker,Jose Lezcano,1:12.910,,,Lea,
8/15/19,2,MSW-F,,6,Dirt,Cherokee Song,9,65.75,FALSE,8,Randi Persaud,Samuel Jimenez,1:14.070,,,Pioneerof the Nile,
8/15/19,2,MSW-F,,6,Dirt,Tetrahydro,4,5.50,FALSE,9,Dale Romans,Luis Saez,1:14.109,,,Daredevil,
8/15/19,2,MSW-F,,6,Dirt,Talk You Out of It,10,3.75,FALSE,10,Bruce Brown,Junior Alvarado,1:17.822,BEL 7/3 5,43,Overanalyze,
8/15/19,4,MSW,,5.5,Turf,Mystic Lancelot,4,1.80,TRUE,1,Todd Pletcher,John Velazquez,1:01.060,,,Into Mischief,
8/15/19,4,MSW,,5.5,Turf,Art Collector,8,7.10,FALSE,2,Joe Sharp,Luis Saez,1:01.501,,,Bernardini,
8/15/19,4,MSW,,5.5,Turf,Buy Land and See,1,11.60,FALSE,3,Steve Klesaris,Jose Lezcano,1:01.722,,,Cairo Prince,
8/15/19,4,MSW,,5.5,Turf,Aye Aye Sir,6,5.60,FALSE,4,Wesley Ward,"Irad Ortiz, Jr.",1:01.795,,,Midshipman,
8/15/19,4,MSW,,5.5,Turf,Croi Mor,5,10.60,FALSE,5,Todd Pletcher,Javier Castellano,1:01.906,,,Honor Code,
8/15/19,4,MSW,,5.5,Turf,Relentless Dancer,2,3.50,FALSE,6,Michael Maker,Jose Ortiz,1:01.906,,,Midshipman,
8/15/19,4,MSW,,5.5,Turf,Pharoah Cat,3,22.70,FALSE,7,D. Lukas,Luis Reyes,1:02.163,SAR 7/13 4,33,American Pharoah,
8/15/19,4,MSW,,5.5,Turf,Katama Bay,7,18.50,FALSE,8,Brad Cox,Joel Rosario,1:02.237,,,Flatter,
8/15/19,4,MSW,,5.5,Turf,Mr Thrifty,9,10.90,FALSE,9,"Robert Reid, Jr.",Kendrick Carmouche,1:03.378,SAR 7/21 8,25,Poseidon's Warrior,
8/16/19,1,MSW-NY,,8.5,Turf,Mo Ready,6,1.10,TRUE,1,Todd Pletcher,Jose Ortiz,1:43.570,SAR 7/26 2,21,Uncle Mo,
8/16/19,1,MSW-NY,,8.5,Turf,Maxwell Esquire,2,5.60,FALSE,2,Christophe Clement,"Irad Ortiz, Jr.",1:43.812,,,Discreet Cat,
8/16/19,1,MSW-NY,,8.5,Turf,Turbo Drive,4,7.30,FALSE,3,Michael Maker,Dylan Davis,1:43.973,SAR 7/18 5,29,Teuflesberg,
8/16/19,1,MSW-NY,,8.5,Turf,Noble Emotion,3,21.10,FALSE,4,Jonathan Thomas,Javier Castellano,1:44.014,,,Noble Mission (GB),
8/16/19,1,MSW-NY,,8.5,Turf,Barleewon,1,4.20,FALSE,5,Michael Stidham,John Velazquez,1:44.095,SAR 7/18 5,29,Animal Kingdom,
8/16/19,1,MSW-NY,,8.5,Turf,Inside Info,7,11.50,FALSE,6,George Weaver,Manuel Franco,1:44.498,,,Mission Impazible,
8/16/19,1,MSW-NY,,8.5,Turf,Driftwood,9,11.70,FALSE,7,Kenneth McPeek,Julien Leparoux,1:44.821,SAR 7/26 2,21,Courageous Cat,
8/16/19,1,MSW-NY,,8.5,Turf,Managing Risk,10,1.10,TRUE,8,Rudy Rodriguez,Rajiv Maragh,1:45.468,AQU 4/19 1,119,Micromanage,
8/16/19,1,MSW-NY,,8.5,Turf,Kobe,5,31.75,FALSE,9,Gary Contessa,Tyler Gaffalione,1:46.195,SAR 7/26 2,21,Japan,
8/16/19,1,MSW-NY,,8.5,Turf,Victory Built,8,39.50,FALSE,10,Michael Maker,Luis Saez,1:48.537,,,Big Brown,
8/16/19,9,STK,Skidmore S.,5.5,Turf,Another Miracle,3,2.55,FALSE,1,Gary Contessa,Manuel Franco,1:01.610,SAR 7/24 6,23,American Pharoah,
8/16/19,9,STK,Skidmore S.,5.5,Turf,Proven Strategies,2,10.70,FALSE,2,Mark Casse,Tyler Gaffalione,1:01.869,SAR 7/27 7,20,Sky Mesa,
8/16/19,9,STK,Skidmore S.,5.5,Turf,Montauk Daddy,6,0.85,TRUE,3,Linda Rice,Jose Lezcano,1:01.869,BEL 7/6 5,41,Daddy Long Legs,
8/16/19,9,STK,Skidmore S.,5.5,Turf,Memorable,1,20.20,FALSE,4,Steven Asmussen,"Ricardo Santana, Jr.",1:02.426,SAR 7/13 3,34,Uncle Mo,
8/16/19,9,STK,Skidmore S.,5.5,Turf,Now Is,8,24.25,FALSE,5,Philip Gleaves,John Velazquez,1:02.760,MTH 8/3 10,13,Sidney's Candy,
8/16/19,9,STK,Skidmore S.,5.5,Turf,Venerate,7,32.50,FALSE,6,Antonio Sano,"Irad Ortiz, Jr.",1:03.020,GP 7/4 2,43,Treasure Beach (GB),
8/16/19,9,STK,Skidmore S.,5.5,Turf,Frosted Rose,5,6.10,FALSE,7,Michael Trombetta,Joel Rosario,1:03.057,SAR 8/1 1,15,Oxbow,
8/16/19,9,STK,Skidmore S.,5.5,Turf,River Hawk,4,29.75,FALSE,8,Edward Allard,Jose Ortiz,1:03.132,LRL 8/1 2,15,Treasure Beach (GB),
8/17/19,1,MSW,,7,Dirt,Acre,5,5.20,FALSE,1,William Mott,Junior Alvarado,1:23.110,SAR 7/27 4,21,Blame,
8/17/19,1,MSW,,7,Dirt,Market Impact,1,1.30,TRUE,2,Chad Brown,Javier Castellano,1:23.660,,,Carpe Diem,
8/17/19,1,MSW,,7,Dirt,Yankee Empire,3,5.80,FALSE,3,John Kimmel,Chris Landeros,1:23.936,SAR 7/21 8,27,Cairo Prince,
8/17/19,1,MSW,,7,Dirt,Leading West,2,7.50,FALSE,4,Joe Sharp,Manuel Franco,1:24.133,SAR 7/27 4,21,Distorted Humor,
8/17/19,1,MSW,,7,Dirt,Fort McHenry,4,1.95,FALSE,5,Todd Pletcher,Jose Ortiz,1:25.431,,,Tapit,
8/17/19,7,MSW,,6.5,Dirt,American Butterfly,3,22.10,FALSE,1,D. Lukas,Luis Saez,1:17.140,SAR 7/21 8,27,American Pharoah,
8/17/19,7,MSW,,6.5,Dirt,Irish Mias,6,2.40,FALSE,2,H. Motion,Rajiv Maragh,1:17.533,SAR 7/24 6,24,Sky Mesa,
8/17/19,7,MSW,,6.5,Dirt,Candy Tycoon,4,0.85,TRUE,3,Todd Pletcher,Jose Ortiz,1:17.808,,,Twirling Candy,
8/17/19,7,MSW,,6.5,Dirt,Unprecedented,5,28.75,FALSE,4,John Kimmel,Tyler Gaffalione,1:17.848,,,Bayern,
8/17/19,7,MSW,,6.5,Dirt,Excession,7,30.25,FALSE,5,Steven Asmussen,"Ricardo Santana, Jr.",1:17.887,SAR 7/21 8,27,Union Rags,
8/17/19,7,MSW,,6.5,Dirt,Eagles Palace,2,21.20,FALSE,6,William Mott,Junior Alvarado,1:18.005,SAR 7/21 8,27,Palace Malice,
8/17/19,7,MSW,,6.5,Dirt,Cost Basis,1,5.70,FALSE,7,Chad Brown,Javier Castellano,1:18.831,,,Into Mischief,
8/17/19,7,MSW,,6.5,Dirt,Feisty Bird,9,19.30,FALSE,8,Ian Wilkes,Chris Landeros,1:18.988,,,Curlin,
8/17/19,7,MSW,,6.5,Dirt,African Heritage,8,62.50,FALSE,9,Jaime Mejia,Jose Gallego,1:18.988,,,Cairo Prince,
8/18/19,3,MSW-F,,7,Dirt,Sharing,5,2.55,FALSE,1,H. Motion,Manuel Franco,1:24.320,SAR 7/21 7,28,Speightstown,
8/18/19,3,MSW-F,,7,Dirt,Good Shabbos,4,1.90,TRUE,2,Jeremiah Englehart,Luis Saez,1:25.318,SAR 7/12 5,37,Munnings,
8/18/19,3,MSW-F,,7,Dirt,Make Or Break,2,41.75,FALSE,3,Mark Hennig,Chris Landeros,1:26.116,,,Flatter,
8/18/19,3,MSW-F,,7,Dirt,Gloriously,7,6.80,FALSE,4,James Jerkens,Jose Lezcano,1:26.755,SAR 7/31 6,18,Mucho Macho Man,
8/18/19,3,MSW-F,,7,Dirt,In Good Spirits,3,13.50,FALSE,5,"Albert Stall, Jr.",Tyler Gaffalione,1:26.835,,,Ghostzapper,
8/18/19,3,MSW-F,,7,Dirt,Americano Girl,1,2.00,FALSE,6,Chad Brown,"Irad Ortiz, Jr.",1:27.274,,,Medaglia d'Oro,
8/18/19,3,MSW-F,,7,Dirt,Bovary,6,45.75,FALSE,7,William Mott,Dylan Davis,1:32.823,,,First Samurai,
8/18/19,5,MCL-F,,5.5,Dirt,Shadilee,4,7.90,FALSE,1,Todd Pletcher,Luis Saez,1:03.920,,,Declaration of War,
8/18/19,5,MCL-F,,5.5,Dirt,Palace Avenger,2,2.55,FALSE,2,Wesley Ward,"Irad Ortiz, Jr.",1:04.420,SAR 8/11 6,7,Palace,
8/18/19,5,MCL-F,,5.5,Dirt,Wedontbelieveher,1,3.40,FALSE,3,Anthony Quartarolo,Manuel Franco,1:04.767,SAR 7/25 2,24,Bayern,
8/18/19,5,MCL-F,,5.5,Dirt,Speed Talks,6,10.20,FALSE,4,Gary Contessa,Tyler Gaffalione,1:05.191,SAR 7/25 2,24,Afleet Express,
8/18/19,5,MCL-F,,5.5,Dirt,Quantum Computing,3,2.45,TRUE,5,Chad Brown,Javier Castellano,1:05.499,,,Competitive Edge,
8/18/19,5,MCL-F,,5.5,Dirt,Wicked Spirit,5,12.10,FALSE,6,Wesley Ward,Dylan Davis,1:06.731,,,Wicked Strong,
8/18/19,5,MCL-F,,5.5,Dirt,Chaysenbryn,7,7.30,FALSE,7,Jeremiah Englehart,Jose Ortiz,1:06.808,,,Super Saver,
8/18/19,6,MSW-F,,6.5,Dirt,Mrs. Danvers,6,0.95,TRUE,1,Claude McGaughey III,Joel Rosario,1:15.850,SAR 7/19 5,30,Tapit,
8/18/19,6,MSW-F,,6.5,Dirt,Finite,4,3.15,FALSE,2,Steven Asmussen,"Ricardo Santana, Jr.",1:16.043,SAR 7/19 5,30,Munnings,
8/18/19,6,MSW-F,,6.5,Dirt,Abilene Trail,7,4.10,FALSE,3,Todd Pletcher,Luis Saez,1:16.816,,,Curlin,
8/18/19,6,MSW-F,,6.5,Dirt,Water White,2,17.20,FALSE,4,Rudy Rodriguez,"Irad Ortiz, Jr.",1:17.629,,,Conveyance,
8/18/19,6,MSW-F,,6.5,Dirt,Striking Beauty,1,11.20,FALSE,5,James Jerkens,Junior Alvarado,1:17.706,,,Curlin,
8/18/19,6,MSW-F,,6.5,Dirt,Bird Tycoon,8,16.30,FALSE,6,Ian Wilkes,Chris Landeros,1:18.944,SAR 7/12 5,37,Graydar,
8/18/19,6,MSW-F,,6.5,Dirt,Melisande,5,24.25,FALSE,7,William Mott,Jose Ortiz,1:20.027,,,Bodemeister,
8/18/19,6,MSW-F,,6.5,Dirt,Blossom Bow,3,51.25,FALSE,8,Jaime Mejia,Jose Gallego,1:21.458,,,Oxbow,
8/21/19,3,MCL,,5.5,Dirt,Indian Cross,1,6.20,FALSE,1,Steven Asmussen,"Ricardo Santana, Jr.",1:06.260,SAR 8/3 3,18,Cross Traffic,DQ'd and placed second
8/21/19,3,MCL,,5.5,Dirt,Shackleford's Joy,6,2.40,FALSE,2,D. Lukas,Rajiv Maragh,1:06.267,SAR 7/24 6,28,Shackleford,
8/21/19,3,MCL,,5.5,Dirt,Alex Love Candy,2,24.00,FALSE,3,Randi Persaud,Heman Harkie,1:06.619,,,Candy Ride (ARG),
8/21/19,3,MCL,,5.5,Dirt,Rejected Again,3,1.05,TRUE,4,Gary Gullo,"Irad Ortiz, Jr.",1:07.817,BEL 6/28 4,54,Tapizar,
8/21/19,3,MCL,,5.5,Dirt,Bychance,5,8.70,FALSE,5,Jaime Mejia,Jose Gallego,1:07.817,,,Bernardini,
8/21/19,3,MCL,,5.5,Dirt,Brady's Palace,4,6.20,FALSE,6,George Weaver,Manuel Franco,1:08.615,,,Palace Malice,
8/21/19,5,MSW-NY-F,,5.5,Dirt,Naked Avenger,4,9.50,FALSE,1,Timothy Hills,Luis Saez,1:05.130,,,Congrats,
8/21/19,5,MSW-NY-F,,5.5,Dirt,Jewel of Arabia,6,0.65,TRUE,2,Christophe Clement,Joel Rosario,1:05.404,SAR 7/18 3,34,Daredevil,
8/21/19,5,MSW-NY-F,,5.5,Dirt,Never Heard of Her,7,17.20,FALSE,3,Gary Contessa,Tyler Gaffalione,1:05.914,,,Constitution,
8/21/19,5,MSW-NY-F,,5.5,Dirt,Adorable Maya,8,19.90,FALSE,4,Thomas Bush,Jose Lezcano,1:05.993,,,Bernardini,
8/21/19,5,MSW-NY-F,,5.5,Dirt,Be Magic,5,36.50,FALSE,5,Rudy Rodriguez,Junior Alvarado,1:06.385,,,Frost Giant,
8/21/19,5,MSW-NY-F,,5.5,Dirt,Beyond Brown,10,7.30,FALSE,6,David Donk,Eric Cancel,1:06.425,SAR 7/24 3,28,Big Brown,
8/21/19,5,MSW-NY-F,,5.5,Dirt,Sophie Rules,1,5.30,FALSE,7,Jeremiah Englehart,Jose Ortiz,1:06.464,,,Emcee,
8/21/19,5,MSW-NY-F,,5.5,Dirt,Mebs Web,3,54.00,FALSE,8,Nicholas Zito,Joey Martinez,1:06.660,,,Giant Surprise,
8/21/19,5,MSW-NY-F,,5.5,Dirt,Barbara's Bank,2,20.30,FALSE,9,Eduardo Jones,Kendrick Carmouche,1:06.778,,,Bank Heist,
8/21/19,5,MSW-NY-F,,5.5,Dirt,Manage My Credit,9,32.00,FALSE,10,Gary Gullo,"Irad Ortiz, Jr.",1:09.408,,,Micromanage,
8/21/19,6,MSW,,7,Dirt,Flute Maker,6,2.65,FALSE,1,Kenneth McPeek,Jose Ortiz,1:24.480,ELP 6/30 7,52,Sky Mesa,
8/21/19,6,MSW,,7,Dirt,Like You,5,12.60,FALSE,2,Rudy Rodriguez,Luis Reyes,1:26.320,,,Distorted Humor,
8/21/19,6,MSW,,7,Dirt,Legend of Bam,3,4.50,FALSE,3,Rudy Rodriguez,"Irad Ortiz, Jr.",1:26.480,,,Golden Ticket,
8/21/19,6,MSW,,7,Dirt,Breed's Hill,8,8.70,FALSE,4,Barbara Minshall,"Ricardo Santana, Jr.",1:27.080,,,Revolutionary,
8/21/19,6,MSW,,7,Dirt,Ninth of April,4,14.40,FALSE,5,Edmund Davis,Joe Bravo,1:27.440,SAR 8/1 1,20,Shanghai Bobby,
8/21/19,6,MSW,,7,Dirt,Justintimeforwine,2,7.60,FALSE,6,Gary Contessa,Tyler Gaffalione,1:27.800,SAR 8/1 1,20,Justin Phillip,
8/21/19,6,MSW,,7,Dirt,Smite,1,1.75,TRUE,7,Joe Sharp,Luis Saez,1:27.880,SAR 8/1 1,20,Congrats,
8/21/19,6,MSW,,7,Dirt,Lovedisc,7,43.75,FALSE,8,Jaime Mejia,Jose Gallego,1:30.440,,,Grey Swallow,
8/22/19,5,MSW-F,,7,Dirt,Wicked Title,3,9.10,FALSE,1,Chad Summers,Joel Rosario,1:24.970,SAR 7/31 5,22,Wicked Strong,
8/22/19,5,MSW-F,,7,Dirt,Raggedy Annie,5,2.35,FALSE,2,D. Lukas,Rajiv Maragh,1:24.978,SAR 7/17 5,36,Union Rags,
8/22/19,5,MSW-F,,7,Dirt,Project Whiskey,6,1.25,TRUE,3,"Robert Reid, Jr.",Kendrick Carmouche,1:24.986,SAR 7/17 5,36,Tapizar,
8/22/19,5,MSW-F,,7,Dirt,La Negrita,2,5.30,FALSE,4,Rudy Rodriguez,Manuel Franco,1:25.533,SAR 8/9 6,13,Fed Biz,
8/22/19,5,MSW-F,,7,Dirt,Central Capital,7,11.90,FALSE,5,Leah Gyarmati,Junior Alvarado,1:26.217,SAR 7/31 5,22,Central Banker,
8/22/19,5,MSW-F,,7,Dirt,Sweet Leaf,1,14.30,FALSE,6,Gary Contessa,Luis Reyes,1:26.780,,,Jimmy Creed,
8/22/19,5,MSW-F,,7,Dirt,Let It Slide,4,17.90,FALSE,7,Bruce Brown,Michael Luzzi,1:28.349,,,Freud,
8/22/19,6,MSW,,9,Dirt,Enforceable,3,1.10,TRUE,1,Mark Casse,Jose Ortiz,1:50.700,SAR 7/13 6,40,Tapit,
8/22/19,6,MSW,,9,Dirt,Mo and Go,4,12.50,FALSE,2,Jeremiah Englehart,Luis Saez,1:50.822,SAR 7/27 7,26,Uncle Mo,
8/22/19,6,MSW,,9,Dirt,Lucky Curlin,2,1.10,TRUE,3,Mark Casse,Tyler Gaffalione,1:50.863,SAR 7/21 8,32,Curlin,
8/22/19,6,MSW,,9,Dirt,Portos,6,4.00,FALSE,4,Todd Pletcher,John Velazquez,1:51.229,,,Tapit,
8/22/19,6,MSW,,9,Dirt,Cowtown,5,6.40,FALSE,5,Todd Pletcher,"Irad Ortiz, Jr.",1:52.045,,,Tonalist,
8/22/19,6,MSW,,9,Dirt,Zuzudini,7,36.00,FALSE,6,Edward Barker,Dylan Davis,1:52.412,,,Bernardini,
8/22/19,6,MSW,,9,Dirt,Crossing the Moon,8,4.10,FALSE,7,Kenneth McPeek,Joel Rosario,1:52.412,SAR 7/27 7,26,Cross Traffic,
8/22/19,6,MSW,,9,Dirt,Ghost of the Mambo,9,16.50,FALSE,8,William Mott,Junior Alvarado,1:52.656,SAR 8/10 5,12,Ghostzapper,
8/22/19,6,MSW,,9,Dirt,Imperare,1,22.20,FALSE,9,"Albert Stall, Jr.",Manuel Franco,1:53.716,,,Empire Maker,
8/23/19,1,MSW-NY-F,,5.5,Turf,Ava K's Girl,4,10.80,FALSE,1,Michelle Nevin,Joel Rosario,1:03.770,,,Giant's Causeway,
8/23/19,1,MSW-NY-F,,5.5,Turf,Single Verse,8,3.50,FALSE,2,Bruce Brown,Tyler Gaffalione,1:03.808,SAR 7/17 10,37,Mineshaft,
8/23/19,1,MSW-NY-F,,5.5,Turf,Stretchthestory,3,11.40,FALSE,3,Christophe Clement,Junior Alvarado,1:04.115,,,Lookin at Lucky,
8/23/19,1,MSW-NY-F,,5.5,Turf,Jen's Battle,6,4.00,FALSE,4,Gary Contessa,Manuel Franco,1:04.115,SAR 7/24 3,30,Declaration of War,
8/23/19,1,MSW-NY-F,,5.5,Turf,Unicorn Sally,5,39.00,FALSE,5,John Kimmel,Chris Landeros,1:04.231,,,Point of Entry,
8/23/19,1,MSW-NY-F,,5.5,Turf,A Freud of Mama,2,17.60,FALSE,6,Michael Maker,Luis Saez,1:04.423,,,Freud,
8/23/19,1,MSW-NY-F,,5.5,Turf,Deeply Analytical,1,1.50,TRUE,7,Chad Brown,Javier Castellano,1:04.615,,,Majestic City,
8/23/19,1,MSW-NY-F,,5.5,Turf,American Song,7,17.20,FALSE,8,Jeremiah Englehart,"Jorge Vargas, Jr.",1:04.884,SAR 7/17 10,37,Maclean's Music,
8/23/19,1,MSW-NY-F,,5.5,Turf,Desbordes,10,13.60,FALSE,9,George Weaver,"Ricardo Santana, Jr.",1:04.999,,,Central Banker,
8/23/19,1,MSW-NY-F,,5.5,Turf,Lil Morning Star,9,91.00,FALSE,10,Kim Laudati,Joey Martinez,1:05.153,SAR 7/24 3,30,Central Banker,
8/23/19,4,MSW-NY,,5.5,Dirt,Three Jokers,8,2.00,TRUE,1,John Terranova II,Luis Saez,1:04.390,,,Twirling Candy,
8/23/19,4,MSW-NY,,5.5,Dirt,Tapizearance,6,17.80,FALSE,2,Gary Contessa,Manuel Franco,1:04.816,SAR 7/18 5,36,Tapizar,
8/23/19,4,MSW-NY,,5.5,Dirt,Scilly Cay,7,3.20,FALSE,3,Linda Rice,Jose Ortiz,1:04.816,,,Fed Biz,
8/23/19,4,MSW-NY,,5.5,Dirt,Hold My Call,9,18.10,FALSE,4,"Robert Falcone, Jr.",Kendrick Carmouche,1:04.933,,,Hold Me Back,
8/23/19,4,MSW-NY,,5.5,Dirt,Lord Camden,4,3.30,FALSE,5,Mark Casse,Tyler Gaffalione,1:05.398,SAR 8/9 4,14,Freud,
8/23/19,4,MSW-NY,,5.5,Dirt,True Grace,1,6.90,FALSE,6,Christophe Clement,Joel Rosario,1:05.437,,,Competitive Edge,
8/23/19,4,MSW-NY,,5.5,Dirt,Austrian,5,17.50,FALSE,7,D. Lukas,Joe Bravo,1:06.058,,,Freud,
8/23/19,4,MSW-NY,,5.5,Dirt,Solar Fire,2,12.40,FALSE,8,"John Toscano, Jr.","Ricardo Santana, Jr.",1:06.485,,,Fast Anna,
8/23/19,4,MSW-NY,,5.5,Dirt,Kampai,3,29.25,FALSE,9,Chris Englehart,Benjamin Hernandez,1:08.231,,,Central Banker,
8/23/19,7,STK-NY-F,Seeking the Ante S.,6.5,Dirt,Fierce Lady,5,1.10,TRUE,1,Dermot Magner,Javier Castellano,1:16.730,SAR 7/18 3,36,Competitive Edge,
8/23/19,7,STK-NY-F,Seeking the Ante S.,6.5,Dirt,Time Limit,3,11.80,FALSE,2,Michael Maker,"Irad Ortiz, Jr.",1:16.769,SAR 7/18 3,36,Bustin Stones,
8/23/19,7,STK-NY-F,Seeking the Ante S.,6.5,Dirt,My Italian Rabbi,6,2.65,FALSE,3,Jeremiah Englehart,Luis Saez,1:17.590,SAR 7/18 3,36,Competitive Edge,
8/23/19,7,STK-NY-F,Seeking the Ante S.,6.5,Dirt,Violent Point,1,5.80,FALSE,4,Mark Casse,John Velazquez,1:18.177,SAR 7/17 10,37,Violence,
8/23/19,7,STK-NY-F,Seeking the Ante S.,6.5,Dirt,Big Q,2,4.20,FALSE,5,Gary Gullo,Jose Lezcano,1:18.490,SAR 8/4 10,19,Big Brown,
8/23/19,7,STK-NY-F,Seeking the Ante S.,6.5,Dirt,Wharf Cat,4,31.00,FALSE,6,"Oscar Barrera, III",Luis Reyes,1:21.112,FL 7/29 6,25,Majestic City,
8/23/19,8,STK-NY,Funny Cide S.,6.5,Dirt,City Man,3,2.25,TRUE,1,Christophe Clement,Joel Rosario,1:16.930,SAR 7/18 5,36,Mucho Macho Man,
8/23/19,8,STK-NY,Funny Cide S.,6.5,Dirt,Cleon Jones,7,3.45,FALSE,2,Jeremiah Englehart,"Jorge Vargas, Jr.",1:17.675,SAR 7/28 1,26,Tale of the Cat,
8/23/19,8,STK-NY,Funny Cide S.,6.5,Dirt,Listentoyourheart,9,5.00,FALSE,3,Christophe Clement,Manuel Franco,1:17.832,SAR 7/17 2,37,Afleet Alex,
8/23/19,8,STK-NY,Funny Cide S.,6.5,Dirt,Theitalianamerican,6,10.30,FALSE,4,Gary Contessa,Javier Castellano,1:18.028,SAR 7/17 2,37,Girolamo,
8/23/19,8,STK-NY,Funny Cide S.,6.5,Dirt,Bull of Bayern,1,20.50,FALSE,5,Rudy Rodriguez,"Ricardo Santana, Jr.",1:18.146,BEL 6/26 6,58,Bayern,
8/23/19,8,STK-NY,Funny Cide S.,6.5,Dirt,Opportunist,5,8.60,FALSE,6,Mark Casse,Tyler Gaffalione,1:18.146,GP 7/20 9,34,Ghostzapper,
8/23/19,8,STK-NY,Funny Cide S.,6.5,Dirt,Mission Wrapitup,4,12.00,FALSE,7,Bruce Brown,Dylan Davis,1:19.126,SAR 7/17 2,37,Mission Impazible,
8/23/19,8,STK-NY,Funny Cide S.,6.5,Dirt,Sky of Hook,8,8.40,FALSE,8,Rudy Rodriguez,Luis Saez,1:19.205,SAR 7/17 2,37,Tapiture,
8/23/19,8,STK-NY,Funny Cide S.,6.5,Dirt,No Lime,2,12.00,FALSE,9,William Mott,Junior Alvarado,1:19.479,SAR 7/26 2,28,Flashback,
8/24/19,2,MSW,,6,Dirt,Tap It to Win,1,3.65,FALSE,1,Mark Casse,Tyler Gaffalione,1:09.600,WO 7/21 7,34,Tapit,
8/24/19,2,MSW,,6,Dirt,Complexifier,3,3.00,FALSE,2,Brian Lynch,"Irad Ortiz, Jr.",1:10.138,SAR 7/27 4,28,Overanalyze,
8/24/19,2,MSW,,6,Dirt,O'Trouble,5,4.70,FALSE,3,Anthony Dutrow,John Velazquez,1:10.138,,,In Trouble,
8/24/19,2,MSW,,6,Dirt,Onward,6,11.80,FALSE,4,Christophe Clement,Jose Ortiz,1:11.176,,,Street Sense,
8/24/19,2,MSW,,6,Dirt,Icecap,7,22.70,FALSE,5,Steven Asmussen,"Ricardo Santana, Jr.",1:11.214,,,Carpe Diem,
8/24/19,2,MSW,,6,Dirt,Atoka,4,1.70,TRUE,6,D. Lukas,Luis Saez,1:11.445,SAR 8/3 3,21,Union Rags,
8/24/19,2,MSW,,6,Dirt,Moonshine Now,2,13.60,FALSE,7,Christophe Clement,Joel Rosario,1:11.445,,,Malibu Moon,
8/25/19,1,MSW-F,,6,Dirt,Wicked Whisper,1,1.60,TRUE,1,Steven Asmussen,"Ricardo Santana, Jr.",1:10.330,,,Liam's Map,
8/25/19,1,MSW-F,,6,Dirt,Highland Glory,3,4.10,FALSE,2,Barclay Tagg,Junior Alvarado,1:11.301,,,Sky Mesa,
8/25/19,1,MSW-F,,6,Dirt,Foreign Exchange,4,15.90,FALSE,3,D. Lukas,Luis Saez,1:11.495,SAR 8/4 1,21,Congrats,
8/25/19,1,MSW-F,,6,Dirt,Stop Shoppin Tammy,5,2.15,FALSE,4,Philip Bauer,Eric Cancel,1:12.117,,,Tapit,
8/25/19,1,MSW-F,,6,Dirt,Sea of Blue,2,5.80,FALSE,5,Kiaran McLaughlin,Joel Rosario,1:12.622,,,Midshipman,
8/25/19,1,MSW-F,,6,Dirt,Wedontbelieveher,6,9.20,FALSE,6,Anthony Quartarolo,Manuel Franco,1:13.204,SAR 8/18 5,7,Bayern,
8/25/19,7,MCL-F,,5.5,Turf,Double Down Dare,3,5.30,FALSE,1,Steve Klesaris,Manuel Franco,1:03.530,SAR 7/17 5,39,Cross Traffic,
8/25/19,7,MCL-F,,5.5,Turf,Roman City,1,3.30,FALSE,2,Robertino Diodoro,"Irad Ortiz, Jr.",1:03.874,,,City Zip,
8/25/19,7,MCL-F,,5.5,Turf,Wicked Amber,2,45.00,FALSE,3,Randi Persaud,Heman Harkie,1:03.874,SAR 7/31 5,25,Ghostzapper,
8/25/19,7,MCL-F,,5.5,Turf,More Or Less,9,3.80,FALSE,4,Phil Schoenthal,Kendrick Carmouche,1:04.180,,,More Than Ready,
8/25/19,7,MCL-F,,5.5,Turf,Yellen,7,3.00,TRUE,5,Wesley Ward,Dylan Davis,1:04.295,CD 6/20 4,66,Fed Biz,
8/25/19,7,MCL-F,,5.5,Turf,Larry's Baby,4,12.20,FALSE,6,D. Lukas,Luis Saez,1:04.640,SAR 7/19 5,37,Majesticperfection,
8/25/19,7,MCL-F,,5.5,Turf,Speed Talks,8,19.00,FALSE,7,Gary Contessa,Tyler Gaffalione,1:05.252,SAR 8/18 5,7,Afleet Express,
8/25/19,7,MCL-F,,5.5,Turf,Bow Maker,5,9.00,FALSE,8,Linda Rice,Jose Ortiz,1:05.788,,,Oxbow,
8/25/19,7,MCL-F,,5.5,Turf,Crack of Dawn,10,13.30,FALSE,9,Philip Serpe,Eric Cancel,1:05.827,SAR 7/21 7,35,Bernardini,
8/25/19,7,MCL-F,,5.5,Turf,Eli Rocks,6,36.25,FALSE,10,Thomas Morley,"Ricardo Santana, Jr.",1:06.286,,,Frost Giant,
8/28/19,6,MSW-NY,,6,Dirt,Moonachie,3,4.20,FALSE,1,Jeremiah Englehart,Jose Ortiz,1:10.780,,,Central Banker,
8/28/19,6,MSW-NY,,6,Dirt,Unrelenting Force,1,64.25,FALSE,2,Thomas Morley,Junior Alvarado,1:12.343,,,Carpe Diem,
8/28/19,6,MSW-NY,,6,Dirt,Chowda,10,36.50,FALSE,3,Gary Sciacca,Eric Cancel,1:12.500,,,Emcee,
8/28/19,6,MSW-NY,,6,Dirt,Blame the Cake,8,1.95,TRUE,4,Ian Wilkes,Julien Leparoux,1:12.500,SAR 7/14 4,45,Blame,
8/28/19,6,MSW-NY,,6,Dirt,Cryptographer,9,17.30,FALSE,5,Rudy Rodriguez,Luis Saez,1:12.734,,,Honor Code,
8/28/19,6,MSW-NY,,6,Dirt,Candygramformongo,6,12.10,FALSE,6,Steven Asmussen,"Ricardo Santana, Jr.",1:12.774,,,Majestic City,
8/28/19,6,MSW-NY,,6,Dirt,Lorenzen,4,3.50,FALSE,7,Mark Casse,"Irad Ortiz, Jr.",1:13.321,,,Flatter,
8/28/19,6,MSW-NY,,6,Dirt,Papa King,7,4.00,FALSE,8,Todd Pletcher,John Velazquez,1:13.673,BEL 5/31 2,89,Mission Impazible,
8/28/19,6,MSW-NY,,6,Dirt,Sir Ludlow,2,85.50,FALSE,9,Timothy Hamm,Joey Martinez,1:14.846,SAR 7/28 1,31,Midas Touch (GB),
8/28/19,6,MSW-NY,,6,Dirt,Macho Boy,5,15.30,FALSE,10,Gary Contessa,Manuel Franco,1:15.237,SAR 7/28 1,31,Mucho Macho Man,
8/28/19,7,MSW-F,,5.5,Turf,Jazzique (IRE),4,7.70,FALSE,1,Chad Brown,"Irad Ortiz, Jr.",1:03.170,,,Kingman (GB),
8/28/19,7,MSW-F,,5.5,Turf,Selflessly,5,4.90,FALSE,2,Chad Brown,Javier Castellano,1:03.246,,,More Than Ready,
8/28/19,7,MSW-F,,5.5,Turf,Tulanian,9,26.00,FALSE,3,Thomas Amoss,Junior Alvarado,1:03.284,SAR 7/31 6,28,Twirling Candy,
8/28/19,7,MSW-F,,5.5,Turf,Hai Bobbi,10,5.70,FALSE,4,Wesley Ward,Jose Ortiz,1:03.360,BEL 6/21 2,68,Shanghai Bobby,DQ'd and placed fifth
8/28/19,7,MSW-F,,5.5,Turf,Logic N Reason,6,10.00,FALSE,5,Christophe Clement,Joel Rosario,1:03.626,,,Declaration of War,
8/28/19,7,MSW-F,,5.5,Turf,Trash Panda,1,61.00,FALSE,6,Gary Contessa,Luis Saez,1:03.664,,,Congrats,
8/28/19,7,MSW-F,,5.5,Turf,Swirling Candy,3,12.70,FALSE,7,George Weaver,Eric Cancel,1:03.702,,,Twirling Candy,
8/28/19,7,MSW-F,,5.5,Turf,Nic and Zoe,7,1.25,TRUE,8,Wesley Ward,John Velazquez,1:03.855,,,Street Boss,
8/28/19,7,MSW-F,,5.5,Turf,Morality Clause,2,11.70,FALSE,9,Raymond Handal,Manuel Franco,1:03.893,SAR 7/31 5,28,Verrazano,
8/28/19,7,MSW-F,,5.5,Turf,Coin the Phrase,8,41.25,FALSE,10,James Toner,Kendrick Carmouche,1:03.931,,,Goldencents,
8/28/19,9,GRD,With Anticipation S.,8.5,Turf,Fighting Seabee,4,5.30,FALSE,1,Kenneth McPeek,"Brian Hernandez, Jr.",1:43.340,ELP 7/6 6,53,Summer Front,
8/28/19,9,GRD,With Anticipation S.,8.5,Turf,Field Pass,6,4.10,FALSE,2,Michael Maker,Luis Saez,1:43.501,SAR 7/13 6,46,Lemon Drop Kid,
8/28/19,9,GRD,With Anticipation S.,8.5,Turf,Andesite,5,8.60,FALSE,3,Brad Cox,Javier Castellano,1:43.742,IND 7/10 6,49,The Factor,
8/28/19,9,GRD,With Anticipation S.,8.5,Turf,Our Country,2,1.20,TRUE,4,George Weaver,Manuel Franco,1:43.783,SAR 8/3 1,25,Constitution,
8/28/19,9,GRD,With Anticipation S.,8.5,Turf,Fly Fly Away,3,16.40,FALSE,5,Christophe Clement,"Irad Ortiz, Jr.",1:44.025,SAR 8/9 4,19,First Samurai,
8/28/19,9,GRD,With Anticipation S.,8.5,Turf,Tuggle,1,3.35,FALSE,6,Jeremiah Englehart,Jose Ortiz,1:44.307,SAR 8/10 8,18,Point of Entry,
8/29/19,1,MSW-NY-F,,6,Dirt,Irish Danzing,5,4.40,FALSE,1,Christophe Clement,"Irad Ortiz, Jr.",1:10.550,,,Danza,
8/29/19,1,MSW-NY-F,,6,Dirt,Aubrey Tate,2,3.20,FALSE,2,Norm Casse,"Ricardo Santana, Jr.",1:11.563,SAR 7/31 3,29,Bayern,
8/29/19,1,MSW-NY-F,,6,Dirt,More Glitter,4,2.20,TRUE,3,Todd Pletcher,John Velazquez,1:11.836,,,More Than Ready,
8/29/19,1,MSW-NY-F,,6,Dirt,Tequila Fog,1,14.50,FALSE,4,Dermot Magner,Chris Landeros,1:12.615,,,Giant Surprise,
8/29/19,1,MSW-NY-F,,6,Dirt,Bingolina,6,5.60,FALSE,5,John Kimmel,Dylan Davis,1:13.200,,,Tapizar,
8/29/19,1,MSW-NY-F,,6,Dirt,Welsh Gold,10,11.70,FALSE,6,Gregory Sacco,Luis Saez,1:13.628,,,Bodemeister,
8/29/19,1,MSW-NY-F,,6,Dirt,Keypit,8,10.00,FALSE,7,Thomas Albertrani,Jose Lezcano,1:13.706,SAR 7/11 5,49,Congrats,
8/29/19,1,MSW-NY-F,,6,Dirt,Ama Is a Rock,9,73.50,FALSE,8,Gary Sciacca,Eric Cancel,1:14.525,,,Frost Giant,
8/29/19,1,MSW-NY-F,,6,Dirt,Surprise Arrival,3,18.50,FALSE,9,Michael Maker,Jose Ortiz,1:14.797,SAR 8/15 2,14,Lea,
8/29/19,1,MSW-NY-F,,6,Dirt,Barker Lane,7,74.75,FALSE,10,Edward Barker,Heman Harkie,1:14.992,SAR 7/31 3,29,Bellamy Road,
8/29/19,7,MSW-NY-F,,6,Dirt,Critical Value,9,1.05,TRUE,1,Jeremiah Englehart,Junior Alvarado,1:10.820,SAR 8/7 5,22,Bodemeister,
8/29/19,7,MSW-NY-F,,6,Dirt,Myawaya,3,3.05,FALSE,2,Todd Pletcher,John Velazquez,1:11.250,SAR 7/17 5,43,Wicked Strong,
8/29/19,7,MSW-NY-F,,6,Dirt,Saratoga Beauty,6,3.95,FALSE,3,Patrick McBurney,Paco Lopez,1:12.032,SAR 8/7 5,22,Macho Uno,
8/29/19,7,MSW-NY-F,,6,Dirt,Courageous Girl,8,9.30,FALSE,4,David Donk,Manuel Franco,1:12.463,SAR 7/31 3,29,Bourbon Courage,
8/29/19,7,MSW-NY-F,,6,Dirt,Mebs Web,10,60.00,FALSE,5,Nicholas Zito,Joey Martinez,1:12.658,SAR 8/21 5,8,Giant Surprise,
8/29/19,7,MSW-NY-F,,6,Dirt,Canarsie Angel,7,12.50,FALSE,6,Linda Dixon,Kendrick Carmouche,1:13.128,SAR 8/2 3,27,Big Brown,
8/29/19,7,MSW-NY-F,,6,Dirt,Top Hat Invasion,1,79.25,FALSE,7,Jeffrey Englehart,Andre Worrie,1:13.167,,,Normandy Invasion,
8/29/19,7,MSW-NY-F,,6,Dirt,Smokin Hot Kiss,4,48.50,FALSE,8,Marialice Coffey,Eric Cancel,1:13.832,SAR 7/31 3,29,The Lumber Guy,
8/29/19,7,MSW-NY-F,,6,Dirt,Kefaliani,2,31.75,FALSE,9,Charlton Baker,Dylan Davis,1:15.005,,,Hold Me Back,
8/29/19,7,MSW-NY-F,,6,Dirt,Bellamy Bigs,5,66.25,FALSE,10,Edmund Davis,Michael Luzzi,1:15.631,FL 7/15 1,45,Bellamy Road,
8/29/19,9,STK-F,P. G. Johnson S.,8.5,Turf,Crystalle,5,1.65,TRUE,1,John Kimmel,Joel Rosario,1:41.360,SAR 8/4 4,25,Palace Malice,
8/29/19,9,STK-F,P. G. Johnson S.,8.5,Turf,Sweet Melania,7,2.60,FALSE,2,Todd Pletcher,Jose Ortiz,1:41.399,SAR 7/14 1,46,American Pharoah,
8/29/19,9,STK-F,P. G. Johnson S.,8.5,Turf,English Breeze,6,5.20,FALSE,3,David Donk,Manuel Franco,1:41.478,SAR 8/14 6,15,English Channel,
8/29/19,9,STK-F,P. G. Johnson S.,8.5,Turf,Ginseng,2,5.10,FALSE,4,Brad Cox,Javier Castellano,1:41.952,IND 8/6 5,23,Tiznow,
8/29/19,9,STK-F,P. G. Johnson S.,8.5,Turf,Apurate,3,5.60,FALSE,5,Todd Pletcher,John Velazquez,1:42.150,SAR 8/11 3,18,Summer Front,
8/29/19,9,STK-F,P. G. Johnson S.,8.5,Turf,Lively Kitten,4,28.50,FALSE,6,Daniel Velazquez,Abner Adorno,1:43.257,LRL 8/11 1,18,Kitten's Joy,
8/29/19,9,STK-F,P. G. Johnson S.,8.5,Turf,Lucky Jingle,1,25.75,FALSE,7,H. Motion,Rajiv Maragh,1:43.336,LRL 8/10 3,19,Tonalist,
8/30/19,6,MSW-NY,,5.5,Turf,Freewheeler,4,5.00,FALSE,1,Todd Pletcher,"Irad Ortiz, Jr.",1:02.890,,,City Zip,
8/30/19,6,MSW-NY,,5.5,Turf,Dante's Fire,2,43.75,FALSE,2,Michael Maker,Manuel Franco,1:03.685,,,Temple City,
8/30/19,6,MSW-NY,,5.5,Turf,First Deputy,6,1.10,TRUE,3,Linda Rice,Jose Ortiz,1:03.685,SAR 8/9 4,21,Awesome Again,
8/30/19,6,MSW-NY,,5.5,Turf,True Grace,5,4.50,FALSE,4,Christophe Clement,Joel Rosario,1:03.723,SAR 8/23 4,7,Competitive Edge,
8/30/19,6,MSW-NY,,5.5,Turf,Shandian,3,3.75,FALSE,5,Gary Contessa,Javier Castellano,1:03.761,SAR 8/9 4,21,Emcee,
8/30/19,6,MSW-NY,,5.5,Turf,My Father's Eyes,1,14.20,FALSE,6,Steven Asmussen,"Ricardo Santana, Jr.",1:05.163,,,Forty Tales,
8/30/19,6,MSW-NY,,5.5,Turf,Box of Rain,7,12.30,FALSE,7,Jeremiah Englehart,Luis Saez,1:06.907,,,Mineshaft,
8/30/19,7,MSW-F,,5.5,Dirt,Remain Anonymous,9,2.90,FALSE,1,Michael Trombetta,Joel Rosario,1:04.750,,,Tapiture,
8/30/19,7,MSW-F,,5.5,Dirt,Sixth Street,1,9.00,FALSE,2,Mark Hennig,Luis Saez,1:05.257,,,Tapit,
8/30/19,7,MSW-F,,5.5,Dirt,Kansas Kis,2,33.50,FALSE,3,Raymond Handal,Dylan Davis,1:05.257,,,Constitution,
8/30/19,7,MSW-F,,5.5,Dirt,Drop a Hint,8,5.30,FALSE,4,D. Lukas,Manuel Franco,1:05.569,SAR 7/31 6,30,Into Mischief,
8/30/19,7,MSW-F,,5.5,Dirt,Leaveuwithasmile,3,7.50,FALSE,5,Jeremiah Englehart,"Jorge Vargas, Jr.",1:05.686,SAR 8/9 6,21,Conveyance,
8/30/19,7,MSW-F,,5.5,Dirt,Hallajoori,6,2.40,TRUE,6,Steven Asmussen,"Ricardo Santana, Jr.",1:05.920,SAR 7/31 6,30,Bayern,
8/30/19,7,MSW-F,,5.5,Dirt,Snaffle,4,11.70,FALSE,7,Kenneth McPeek,Jose Ortiz,1:05.920,,,Distorted Humor,
8/30/19,7,MSW-F,,5.5,Dirt,Superbloodwolfmoon,5,6.50,FALSE,8,Rudy Rodriguez,"Irad Ortiz, Jr.",1:06.076,,,Malibu Moon,
8/30/19,7,MSW-F,,5.5,Dirt,Kemba,7,33.25,FALSE,9,Raymond Handal,Javier Castellano,1:06.622,,,Hard Spun,
8/31/19,1,MSW,,8.5,Turf,Structor,4,1.15,TRUE,1,Chad Brown,"Irad Ortiz, Jr.",1:44.160,,,Palace Malice,
8/31/19,1,MSW,,8.5,Turf,Sul Moon,6,2.20,FALSE,2,William Mott,Junior Alvarado,1:44.363,SAR 7/27 7,35,Malibu Moon,
8/31/19,1,MSW,,8.5,Turf,Eternal Summer,5,13.10,FALSE,3,Todd Pletcher,John Velazquez,1:44.850,SAR 8/3 1,28,Summer Front,
8/31/19,1,MSW,,8.5,Turf,Scanno,3,27.50,FALSE,4,Thomas Albertrani,Luis Saez,1:45.012,,,Bernardini,
8/31/19,1,MSW,,8.5,Turf,Myamanoi,2,20.10,FALSE,5,Danny Gargan,Kendrick Carmouche,1:45.175,,,Temple City,
8/31/19,1,MSW,,8.5,Turf,King's Honor (IRE),1,9.60,FALSE,6,Jonathan Thomas,Javier Castellano,1:45.297,,,Kingman (GB),
8/31/19,1,MSW,,8.5,Turf,Hard Sting,7,6.10,FALSE,7,James Jerkens,Jose Ortiz,1:45.540,SAR 7/27 7,35,Hard Spun,
8/31/19,1,MSW,,8.5,Turf,Pow Wow Prince,8,30.50,FALSE,8,Norm Casse,"Ricardo Santana, Jr.",1:46.556,,,Cairo Prince,
8/31/19,5,MSW,,7,Dirt,Famished,1,1.10,TRUE,1,John Kimmel,Joel Rosario,1:23.770,SAR 8/10 5,21,Uncle Mo,
8/31/19,5,MSW,,7,Dirt,Sonneman,2,25.25,FALSE,2,Mark Hennig,Jose Lezcano,1:23.968,SAR 7/27 4,35,Curlin,
8/31/19,5,MSW,,7,Dirt,Noble Empire,5,34.50,FALSE,3,D. Lukas,Manuel Franco,1:24.126,,,Empire Maker,
8/31/19,5,MSW,,7,Dirt,Hometown Pride,6,12.30,FALSE,4,Ian Wilkes,Chris Landeros,1:24.245,SAR 7/13 4,49,To Honor and Serve,
8/31/19,5,MSW,,7,Dirt,This Ill Defend,9,3.70,FALSE,5,Thomas Albertrani,Luis Reyes,1:24.721,SAR 8/3 3,28,Sky Mesa,
8/31/19,5,MSW,,7,Dirt,Height,3,5.40,FALSE,6,William Mott,Junior Alvarado,1:24.801,SAR 8/3 3,28,Union Rags,
8/31/19,5,MSW,,7,Dirt,Made Sense,4,8.80,FALSE,7,Kenneth McPeek,Jose Ortiz,1:25.594,,,Street Sense,
8/31/19,5,MSW,,7,Dirt,Mud Pie,7,11.30,FALSE,8,Richard Valentine,Kendrick Carmouche,1:25.951,,,Morning Line,
8/31/19,5,MSW,,7,Dirt,Stick Figure,8,37.25,FALSE,9,Dale Romans,Luis Saez,1:29.838,SAR 8/10 7,21,Tiznow,
8/31/19,7,MSW,,7,Dirt,Three Technique,2,1.00,TRUE,1,Jeremiah Englehart,Jose Ortiz,1:22.930,SAR 7/21 8,41,Mr Speaker,
8/31/19,7,MSW,,7,Dirt,Always Misbehaving,7,8.70,FALSE,2,Danny Gargan,"Irad Ortiz, Jr.",1:23.793,SAR 7/27 4,35,Into Mischief,
8/31/19,7,MSW,,7,Dirt,Necker Island,1,22.90,FALSE,3,Stanley Hough,Luis Saez,1:23.911,,,Hard Spun,
8/31/19,7,MSW,,7,Dirt,Kowalski,8,9.50,FALSE,4,D. Lukas,Manuel Franco,1:23.911,SAR 7/27 4,35,Will Take Charge,
8/31/19,7,MSW,,7,Dirt,Wayne O,4,11.20,FALSE,5,Steven Asmussen,"Ricardo Santana, Jr.",1:24.461,SAR 8/3 3,28,Into Mischief,
8/31/19,7,MSW,,7,Dirt,Extreme Force,3,20.30,FALSE,6,Mark Hennig,Jose Lezcano,1:24.657,SAR 8/3 3,28,Constitution,
8/31/19,7,MSW,,7,Dirt,Mischief Afoot,5,33.25,FALSE,7,James Toner,Joel Rosario,1:24.814,,,Into Mischief,
8/31/19,7,MSW,,7,Dirt,Tapage,9,10.90,FALSE,8,Kiaran McLaughlin,Junior Alvarado,1:24.932,,,Tapit,
8/31/19,7,MSW,,7,Dirt,Soviet,6,3.50,FALSE,9,Todd Pletcher,John Velazquez,1:25.953,SAR 7/27 4,35,Super Saver,
8/31/19,8,MSW,,8.5,Turf,No Word,4,3.55,FALSE,1,Todd Pletcher,Jose Ortiz,1:40.870,,,Silent Name (JPN),
8/31/19,8,MSW,,8.5,Turf,Gear Jockey,5,13.40,FALSE,2,"George Arnold, II",Joel Rosario,1:41.223,SAR 8/10 7,21,Twirling Candy,
8/31/19,8,MSW,,8.5,Turf,Shamrocket,6,14.40,FALSE,3,Christophe Clement,Dylan Davis,1:41.420,SAR 8/3 1,28,Tonalist,
8/31/19,8,MSW,,8.5,Turf,Mr Jaggers,3,1.65,TRUE,4,William Mott,Junior Alvarado,1:41.420,SAR 7/13 6,49,Twirling Candy,
8/31/19,8,MSW,,8.5,Turf,Policy Option,2,2.00,FALSE,5,Chad Brown,"Irad Ortiz, Jr.",1:41.892,SAR 8/3 1,28,Empire Maker,
8/31/19,8,MSW,,8.5,Turf,Get Set,1,10.70,FALSE,6,Steve Klesaris,Javier Castellano,1:41.971,PRX 8/3 2,28,Awesome of Course,
8/31/19,8,MSW,,8.5,Turf,Lord Byron,7,21.30,FALSE,7,Danny Gargan,Jose Lezcano,1:42.718,,,Bodemeister,
9/1/19,1,MSW,,5.5,Turf,Chimney Rock,6,3.65,FALSE,1,Michael Maker,Jose Ortiz,1:02.640,SAR 8/3 1,29,Artie Schiller,
9/1/19,1,MSW,,5.5,Turf,Summer Sangria,8,1.60,TRUE,2,Wesley Ward,John Velazquez,1:02.904,SAR 8/1 1,31,Maclean's Music,
9/1/19,1,MSW,,5.5,Turf,Bahamian Prince,4,5.60,FALSE,3,George Weaver,"Irad Ortiz, Jr.",1:03.206,SAR 8/1 3,31,Bahamian Squall,
9/1/19,1,MSW,,5.5,Turf,Las Ramblas,9,17.40,FALSE,4,Wesley Ward,Dylan Davis,1:03.281,,,Karakontie (JPN),
9/1/19,1,MSW,,5.5,Turf,Big Royal Lineage,3,21.10,FALSE,5,Rudy Rodriguez,Luis Saez,1:03.583,SAR 8/1 3,31,Bodemeister,
9/1/19,1,MSW,,5.5,Turf,Montana Man,2,17.50,FALSE,6,Dale Romans,Kendrick Carmouche,1:03.847,SAR 8/14 2,18,Constitution,
9/1/19,1,MSW,,5.5,Turf,Brickyard,1,65.50,FALSE,7,Peter Pugh,Luis Reyes,1:03.961,,,Take Charge Indy,
9/1/19,1,MSW,,5.5,Turf,More Thunder,5,3.15,FALSE,8,Steve Klesaris,Joel Rosario,1:04.602,SAR 8/14 2,18,Goldencents,
9/1/19,1,MSW,,5.5,Turf,Alex Love Candy,7,29.25,FALSE,9,Randi Persaud,Joey Martinez,1:05.093,SAR 8/21 3,11,Candy Ride (ARG),
9/1/19,5,MCL,,5.5,Dirt,Feeling It,8,23.90,FALSE,1,D. Lukas,Luis Reyes,1:04.800,SAR 8/1 3,31,Majesticperfection,
9/1/19,5,MCL,,5.5,Dirt,Vaya Con Dios,5,3.95,FALSE,2,Eric Guillot,Dylan Davis,1:05.541,SAR 8/1 3,31,Majesticperfection,
9/1/19,5,MCL,,5.5,Dirt,Bayern's Mirage,7,2.50,FALSE,3,Gary Gullo,"Irad Ortiz, Jr.",1:05.659,SAR 8/1 3,31,Bayern,
9/1/19,5,MCL,,5.5,Dirt,Aleph,1,25.50,FALSE,4,Gary Contessa,Kendrick Carmouche,1:05.659,,,Alpha,
9/1/19,5,MCL,,5.5,Dirt,O'Bushido,4,2.40,TRUE,5,Todd Pletcher,John Velazquez,1:05.971,,,First Samurai,
9/1/19,5,MCL,,5.5,Dirt,Forever Wicked,6,22.60,FALSE,6,Randi Persaud,Joey Martinez,1:06.244,SAR 8/8 5,24,Wicked Strong,
9/1/19,5,MCL,,5.5,Dirt,Bongga,3,12.20,FALSE,7,Dermot Magner,Eric Cancel,1:06.283,,,Liam's Map,
9/1/19,5,MCL,,5.5,Dirt,Bobbyfromthepalm,9,6.80,FALSE,8,Rudy Rodriguez,Manuel Franco,1:06.361,,,Overanalyze,
9/1/19,5,MCL,,5.5,Dirt,Tipazo,2,44.00,FALSE,9,Mitchell Friedman,Tyler Gaffalione,1:07.494,,,Macho Uno,
9/1/19,5,MCL,,5.5,Dirt,Florida Flash,10,14.20,FALSE,10,Dale Romans,Luis Saez,1:07.572,,,Constitution,
9/1/19,7,MSW-F,,8.5,Turf,Sparkling Sky,6,1.35,TRUE,1,Todd Pletcher,Jose Ortiz,1:42.300,SAR 8/4 4,28,More Than Ready,
9/1/19,7,MSW-F,,8.5,Turf,Our Little Jewel,5,10.10,FALSE,2,Michael Trombetta,Luis Saez,1:42.698,SAR 8/9 6,23,Hat Trick (JPN),
9/1/19,7,MSW-F,,8.5,Turf,Boxer Rebellion,2,2.20,FALSE,3,Chad Brown,"Irad Ortiz, Jr.",1:43.057,,,Empire Maker,
9/1/19,7,MSW-F,,8.5,Turf,Laughable,1,6.80,FALSE,4,Todd Pletcher,Tyler Gaffalione,1:43.177,,,Distorted Humor,
9/1/19,7,MSW-F,,8.5,Turf,Mirabell Mei,7,38.00,FALSE,5,John Terranova II,Rajiv Maragh,1:43.257,,,Palace Malice,
9/1/19,7,MSW-F,,8.5,Turf,Malibu June,8,51.25,FALSE,6,Leah Gyarmati,Kendrick Carmouche,1:43.456,,,Malibu Moon,
9/1/19,7,MSW-F,,8.5,Turf,Andiama,4,34.75,FALSE,7,Cherie DeVaux,"Ricardo Santana, Jr.",1:43.696,,,Lea,
9/1/19,7,MSW-F,,8.5,Turf,Bridal Path,3,4.80,FALSE,8,Claude McGaughey III,Joel Rosario,1:43.855,SAR 8/4 4,28,Hard Spun,
9/1/19,8,MSW-F,,7,Dirt,Alandra,7,7.40,FALSE,1,Claude McGaughey III,Joel Rosario,1:23.340,,,Blame,
9/1/19,8,MSW-F,,7,Dirt,Slam Dunk,9,1.75,TRUE,2,Rodolphe Brisset,Javier Castellano,1:23.418,SAR 7/31 6,32,Into Mischief,
9/1/19,8,MSW-F,,7,Dirt,Day Dayenu,1,6.70,FALSE,3,Jorge Abreu,Manuel Franco,1:24.208,,,Into Mischief,
9/1/19,8,MSW-F,,7,Dirt,Impeccable Style,8,17.30,FALSE,4,Kenneth McPeek,Junior Alvarado,1:24.247,,,Uncle Mo,
9/1/19,8,MSW-F,,7,Dirt,Always a Queen,4,3.60,FALSE,5,Todd Pletcher,Jose Ortiz,1:24.365,,,Tonalist,
9/1/19,8,MSW-F,,7,Dirt,Cleopatra's Charm,5,19.90,FALSE,6,D. Lukas,Luis Saez,1:24.563,,,Pioneerof the Nile,
9/1/19,8,MSW-F,,7,Dirt,One Time Around,3,12.20,FALSE,7,Mark Hennig,Tyler Gaffalione,1:25.668,SAR 7/31 6,32,Empire Maker,
9/1/19,8,MSW-F,,7,Dirt,Miss My Macho,2,29.25,FALSE,8,Katherine Ritvo,Rajiv Maragh,1:25.904,SAR 8/4 4,28,Mucho Macho Man,
9/1/19,8,MSW-F,,7,Dirt,Buxom Beast,6,5.40,FALSE,9,Gary Contessa,Kendrick Carmouche,1:26.615,SAR 7/11 8,52,The Big Beast,
9/1/19,11,GRD-F,Spinaway S.,7,Dirt,Perfect Alibi,3,5.20,FALSE,1,Mark Casse,"Irad Ortiz, Jr.",1:23.440,SAR 8/4 10,28,Sky Mesa,
9/1/19,11,GRD-F,Spinaway S.,7,Dirt,Frank's Rockette,2,1.95,TRUE,2,William Mott,Julien Leparoux,1:23.637,SAR 8/4 10,28,Into Mischief,
9/1/19,11,GRD-F,Spinaway S.,7,Dirt,Figure of Speech,5,3.65,FALSE,3,Chad Brown,Javier Castellano,1:24.427,SAR 7/31 6,32,Into Mischief,
9/1/19,11,GRD-F,Spinaway S.,7,Dirt,Miss Peppina,4,15.10,FALSE,4,Gary Gullo,Joel Rosario,1:24.585,SAR 8/4 10,28,Bayern,
9/1/19,11,GRD-F,Spinaway S.,7,Dirt,Shippy,7,3.70,FALSE,5,Katherine Ritvo,Luis Saez,1:24.862,SAR 7/11 8,52,Midshipman,
9/1/19,11,GRD-F,Spinaway S.,7,Dirt,Risky Mischief,6,6.60,FALSE,6,Jeremiah Englehart,Jose Ortiz,1:25.099,SAR 7/31 3,32,Into Mischief,
9/1/19,11,GRD-F,Spinaway S.,7,Dirt,Mundaye Call,1,12.30,FALSE,7,Don Chatlos,Tyler Gaffalione,1:26.284,SAR 8/11 6,21,Into Mischief,
9/2/19,6,MSW,,5.5,Dirt,Gouverneur Morris,6,0.65,TRUE,1,Todd Pletcher,John Velazquez,1:04.290,,,Constitution,
9/2/19,6,MSW,,5.5,Dirt,Maximiliano,1,3.75,FALSE,2,Wesley Ward,Jose Ortiz,1:05.684,,,Quality Road,
9/2/19,6,MSW,,5.5,Dirt,Secret Rules,7,5.10,FALSE,3,William Mott,Junior Alvarado,1:05.878,,,Secret Circle,
9/2/19,6,MSW,,5.5,Dirt,Malibu Edge,4,8.50,FALSE,4,Claude McGaughey III,Joel Rosario,1:06.498,,,Malibu Moon,
9/2/19,6,MSW,,5.5,Dirt,Nashvegas,3,37.75,FALSE,5,Nicholas Zito,Eric Cancel,1:07.893,,,Aikenite,
9/2/19,6,MSW,,5.5,Dirt,Tadeo,5,21.10,FALSE,6,Kiaran McLaughlin,Jose Lezcano,1:08.009,,,Sky Mesa,
9/2/19,6,MSW,,5.5,Dirt,Clifton Park,2,24.00,FALSE,7,Dale Romans,Luis Saez,1:08.357,,,Awesome Again,
9/2/19,10,GRD,Runhappy Hopeful S.,7,Dirt,Basin,6,3.10,FALSE,1,Steven Asmussen,Jose Ortiz,1:23.480,SAR 7/21 8,43,Liam's Map,
9/2/19,10,GRD,Runhappy Hopeful S.,7,Dirt,Shoplifted,1,2.80,FALSE,2,Steven Asmussen,Joel Rosario,1:24.507,SAR 7/27 4,37,Into Mischief,
9/2/19,10,GRD,Runhappy Hopeful S.,7,Dirt,Gozilla,3,1.30,TRUE,3,Steven Asmussen,"Ricardo Santana, Jr.",1:24.547,SAR 8/10 7,23,Flatter,
9/2/19,10,GRD,Runhappy Hopeful S.,7,Dirt,American Butterfly,2,14.10,FALSE,4,D. Lukas,Luis Saez,1:24.863,SAR 8/17 7,16,American Pharoah,
9/2/19,10,GRD,Runhappy Hopeful S.,7,Dirt,By Your Side,4,5.20,FALSE,5,Eddie Kenneally,"Irad Ortiz, Jr.",1:24.982,SAR 7/13 3,51,Constitution,
9/2/19,10,GRD,Runhappy Hopeful S.,7,Dirt,Inside Risk,5,37.25,FALSE,6,Thomas Morley,Dylan Davis,1:25.693,SAR 8/1 3,32,Street Sense,